championid1,championid2,championid3,championid4,championid5,championid6,championid7,championid8,championid9,championid10,152
30,91,523,412,86,104,57,235,223,142,True
39,111,142,236,245,91,110,78,76,432,True
22,12,38,104,266,516,64,429,412,7,True
5,68,50,555,59,875,432,105,81,245,True
39,134,523,64,25,142,497,21,164,58,True
523,432,64,517,23,81,350,105,60,875,True
115,235,266,421,58,164,110,43,517,875,True
523,412,64,58,429,235,223,145,875,517,True
203,56,21,43,126,24,5,201,523,68,True
82,122,68,202,5,31,240,235,55,154,True
555,235,81,60,164,142,421,110,82,412,True
58,106,245,80,235,81,350,875,69,104,True
875,111,21,28,39,236,517,412,79,110,True
142,76,57,110,412,60,126,236,266,111,True
236,266,350,126,76,141,235,23,131,81,True
134,555,24,104,21,163,497,145,72,39,True
25,421,114,69,115,4,44,84,429,48,True
875,21,432,60,58,79,39,235,64,115,True
31,76,111,39,875,79,126,58,412,222,True
107,131,267,119,203,236,43,81,245,41,True
875,111,119,24,55,142,412,51,60,236,True
2,111,21,164,134,59,223,119,99,39,True
78,412,236,2,68,107,79,131,111,119,True
86,111,119,4,245,223,7,64,110,68,True
203,117,21,8,106,2,142,350,516,81,True
236,142,350,107,2,106,516,64,131,21,True
7,21,126,40,60,39,498,64,142,43,True
22,201,240,64,142,429,114,517,68,111,True
64,89,134,236,8,145,7,2,111,516,True
64,7,58,43,110,517,268,875,235,104,True
266,60,89,875,145,79,106,111,523,157,True
105,235,43,64,41,555,89,110,8,121,True
68,114,235,223,64,110,350,80,163,84,True
266,517,245,111,523,223,26,235,64,122,True
53,145,84,64,127,142,429,421,350,81,True
516,432,64,39,21,350,81,75,157,60,True
245,64,432,81,266,145,111,76,875,58,True
51,875,223,64,105,145,429,111,5,245,True
80,12,421,145,68,58,131,81,517,223,True
20,236,266,126,235,57,2,105,350,81,True
43,110,7,164,76,236,15,350,64,127,True
429,104,518,875,21,235,60,23,22,245,True
8,79,58,350,21,41,145,516,201,245,True
498,517,412,246,266,875,68,81,48,7,True
105,18,412,875,79,58,497,429,421,142,True
21,39,59,142,267,2,127,429,350,875,True
68,81,164,4,64,55,266,429,421,432,True
57,412,61,421,21,12,429,236,64,7,True
104,107,131,111,145,517,64,164,523,412,True
43,81,26,421,429,266,64,350,8,517,True
122,81,245,875,350,106,145,157,30,517,True
91,350,236,517,76,875,81,43,24,60,True
350,8,421,82,429,68,89,59,523,517,True
350,8,110,41,59,21,268,80,246,555,True
517,111,81,41,56,236,58,245,68,145,True
350,81,164,39,113,266,64,134,412,429,True
21,142,245,555,875,107,412,429,236,60,True
68,21,86,60,246,43,81,117,517,5,True
84,8,99,51,421,555,81,429,245,64,True
80,163,58,68,81,523,516,61,246,89,True
875,3,163,12,145,523,266,89,127,64,True
45,81,121,2,555,238,74,517,235,60,True
2,142,117,67,57,55,203,141,112,16,True
875,2,55,350,523,64,7,81,37,150,True
235,266,245,78,142,39,350,81,102,134,True
22,432,164,268,113,64,8,516,350,81,True
432,21,114,421,134,516,7,64,68,523,True
106,517,58,3,21,64,875,236,350,8,True
875,26,64,523,350,78,245,412,21,68,True
53,23,245,145,60,350,81,103,41,5,True
141,150,7,81,350,60,134,126,236,68,True
89,67,246,8,245,12,81,517,236,58,True
104,517,53,523,142,245,412,16,21,86,True
245,82,126,21,53,59,875,432,119,516,True
69,235,21,516,421,60,53,145,7,58,True
79,240,555,21,246,223,266,235,245,5,True
21,4,240,203,350,81,7,16,30,516,True
875,412,523,142,120,10,497,21,64,39,True
27,555,21,64,80,58,421,68,235,145,True
81,61,875,432,23,154,64,21,266,142,True
60,516,517,81,350,26,164,145,421,555,True
266,497,21,64,142,421,13,555,7,875,True
30,8,246,235,10,523,517,875,76,412,True
875,79,21,246,235,82,81,59,80,43,True
67,523,223,60,246,245,30,235,89,41,True
60,246,516,81,350,2,517,523,106,236,True
21,246,555,69,875,60,40,22,67,39,True
350,81,240,875,79,203,55,44,8,235,True
142,106,523,121,31,350,81,16,246,203,True
245,58,117,67,238,104,523,111,164,55,True
26,60,96,117,238,104,350,21,41,55,True
412,69,150,45,114,238,516,16,81,72,True
235,4,21,64,516,154,76,236,26,67,True
60,82,246,223,110,85,64,517,350,21,True
41,107,117,96,3,429,76,412,58,7,True
30,267,58,163,421,4,245,64,111,119,True
7,266,523,12,60,64,127,412,222,57,True
245,80,53,875,134,10,79,246,412,145,True
201,21,421,131,236,163,79,2,412,523,True
163,126,412,145,2,60,80,432,91,21,True
421,68,110,106,69,267,30,113,39,164,True
105,76,22,432,58,82,4,111,145,2,True
497,498,4,421,266,30,43,523,89,2,True
223,68,21,76,114,350,121,523,875,4,True
235,115,60,91,58,523,86,40,64,4,True
4,429,875,19,64,517,39,2,51,40,True
62,268,523,875,57,268,235,25,81,16,True
517,875,111,145,76,555,41,56,59,145,True
245,421,350,21,6,43,62,81,7,64,True
114,236,201,2,134,523,875,104,142,82,True
111,523,150,131,59,203,89,875,39,110,True
126,518,157,81,12,16,136,9,236,5,True
246,20,33,518,201,99,145,236,136,9,True
81,58,105,350,64,429,875,106,82,20,True
555,69,81,2,875,58,21,245,91,432,True
62,875,69,164,235,22,412,60,517,157,True
21,131,875,35,60,62,267,105,51,79,True
421,81,110,518,164,91,78,145,875,245,True
61,20,122,53,523,875,76,235,58,134,True
4,115,126,104,497,21,76,44,40,236,True
53,134,57,15,64,555,142,81,82,875,True
412,7,517,64,110,432,39,78,145,79,True
4,201,64,142,63,875,5,91,117,498,True
104,53,30,111,21,122,35,11,142,202,True
63,235,6,875,35,64,53,157,246,34,True
81,164,245,421,235,40,110,28,266,246,True
89,76,145,58,134,235,106,223,142,2,True
421,142,267,39,110,131,59,126,350,523,True
64,268,2,145,412,21,53,875,7,104,True
21,517,64,142,111,145,235,8,58,421,True
236,517,245,555,145,38,98,412,110,102,True
236,64,412,110,105,20,122,223,235,61,True
350,80,60,81,517,523,117,246,68,266,True
64,24,7,40,67,81,44,142,79,78,True
21,3,157,517,350,81,164,59,84,432,True
429,412,126,142,141,26,497,21,2,266,True
35,81,16,76,80,429,62,518,266,875,True
62,245,240,432,110,59,8,40,80,51,True
245,412,56,429,8,875,53,145,421,68,True
104,164,517,235,111,43,145,427,24,4,True
875,432,26,64,81,142,245,21,79,62,True
113,24,8,43,81,84,523,76,236,111,True
81,432,2,421,13,517,145,412,58,104,True
223,517,412,110,64,62,21,53,76,58,True
412,875,21,8,91,34,163,164,12,523,True
421,131,555,517,22,518,203,106,4,429,True
157,517,79,8,110,523,57,223,245,2,True
15,421,114,235,58,142,163,110,12,39,True
523,517,412,516,64,875,235,69,62,60,True
18,68,421,43,51,59,57,8,21,25,True
266,51,9,104,68,53,203,110,163,517,True
7,236,111,64,516,266,40,68,67,60,True
78,39,60,53,145,8,142,267,110,64,True
110,117,26,120,114,412,429,421,517,62,True
157,875,429,8,79,117,44,523,421,516,True
236,15,412,30,164,81,350,38,126,76,True
517,12,110,67,79,875,518,163,21,412,True
91,350,30,202,62,84,81,164,104,117,True
145,64,134,111,57,81,131,421,43,8,True
102,266,429,12,246,56,114,145,60,267,True
245,85,421,110,235,8,64,432,80,145,True
432,240,110,30,266,236,154,67,40,92,True
236,136,62,64,412,875,246,126,60,145,True
163,21,432,4,39,421,62,875,145,142,True
21,245,69,266,432,875,523,64,517,111,True
39,875,235,523,60,62,67,59,44,142,True
53,429,39,266,60,517,111,62,421,145,True
157,412,86,79,145,517,64,53,429,8,True
145,142,2,53,114,235,62,157,5,43,True
134,104,107,117,43,21,85,56,421,3,True
266,497,104,164,110,81,201,62,91,76,True
38,64,236,39,412,421,105,266,81,555,True
245,2,412,110,62,25,4,104,429,58,True
245,81,86,421,26,517,44,429,62,134,True
516,110,43,57,104,12,142,81,67,30,True
80,62,22,517,43,142,104,201,82,523,True
246,62,518,555,102,3,86,235,69,104,True
81,28,350,157,62,64,21,69,39,432,True
28,350,266,126,202,51,64,39,517,25,True
111,268,8,20,15,432,112,81,517,62,True
64,268,110,201,27,62,39,350,60,21,True
235,78,245,126,236,64,350,142,62,81,True
412,56,76,39,222,81,223,8,30,62,True
30,21,91,432,39,223,235,236,3,76,True
39,517,429,412,58,91,6,60,117,67,True
64,39,58,115,555,223,235,142,266,79,True
64,163,62,51,134,236,523,111,24,30,True
412,68,110,8,64,78,145,555,80,7,True
81,55,104,58,555,133,517,497,80,39,True
875,350,141,142,236,245,113,235,81,39,True
134,21,111,121,8,64,80,82,222,412,True
80,4,432,429,76,245,78,81,43,59,True
44,59,7,875,429,142,80,8,111,421,True
64,112,117,523,8,60,235,91,223,126,True
201,110,7,8,64,875,89,17,141,350,True
76,21,56,89,8,875,91,67,429,82,True
8,60,111,110,246,201,79,266,39,523,True
429,412,30,91,82,60,8,875,246,79,True
2,350,134,8,523,432,68,421,86,429,True
8,421,126,115,412,240,53,145,64,39,True
76,875,266,81,98,523,412,8,141,103,True
79,80,113,517,157,39,81,350,8,2,True
223,266,59,235,7,523,89,142,48,8,True
25,516,134,51,104,111,8,875,76,523,True
60,21,8,26,516,875,523,555,201,245,True
145,421,350,7,107,432,86,246,76,81,True
111,80,8,110,421,107,518,412,64,21,True
497,235,103,421,8,518,81,240,134,2,True
555,81,39,245,421,58,64,69,98,4,True
8,142,421,40,21,60,106,120,246,523,True
110,350,80,60,8,40,68,59,266,81,True
60,236,69,238,111,235,223,57,245,2,True
412,8,21,30,246,81,111,7,39,64,True
161,21,421,412,58,523,154,8,2,268,True
8,235,106,104,84,76,246,350,81,13,True
432,64,523,4,8,157,51,163,58,350,True
64,555,8,81,516,163,80,235,412,68,True
76,523,126,112,43,8,64,235,142,223,True
429,104,7,412,517,235,246,421,81,8,True
498,157,131,412,8,145,421,89,105,122,True
21,142,163,111,80,517,110,412,8,35,True
8,110,240,412,60,64,53,57,4,523,True
157,79,106,145,875,8,30,81,44,58,True
235,134,8,91,79,51,412,4,64,85,True
111,523,142,203,122,58,59,51,223,517,True
30,78,40,56,236,86,51,267,245,80,True
81,164,7,64,106,432,266,141,245,145,True
81,68,104,497,8,55,67,523,76,555,True
432,58,4,81,64,40,2,21,517,516,True
432,107,2,523,69,141,103,111,235,516,True
21,61,412,516,64,44,523,59,7,266,True
516,81,875,163,201,64,517,412,523,8,True
81,555,60,246,875,235,223,141,103,41,True
516,203,21,117,497,8,43,80,110,60,True
122,7,76,222,412,8,91,51,25,104,True
3,114,19,74,412,523,516,105,497,2,True
875,432,81,76,516,266,145,64,517,54,True
60,117,498,246,68,43,21,240,64,41,True
516,523,58,555,30,4,64,875,40,21,True
41,40,235,163,517,2,7,81,555,117,True
15,43,41,105,2,79,350,24,81,246,True
222,245,59,516,412,432,8,21,80,163,True
429,105,76,41,412,30,432,875,516,81,True
60,34,223,86,235,516,421,131,81,875,True
53,21,103,2,41,266,40,81,64,875,True
523,111,78,154,516,99,110,421,142,875,True
875,81,64,112,44,42,421,432,4,202,True
163,56,27,21,80,517,516,164,81,432,True
81,516,64,7,432,517,21,82,555,2,True
60,516,53,21,134,40,51,113,105,266,True
79,41,875,350,81,432,122,142,202,64,True
30,555,157,516,23,223,517,235,78,64,True
2,240,68,350,81,44,7,235,59,236,True
85,39,44,427,235,58,81,76,432,516,True
82,3,145,64,516,81,245,875,67,40,True
268,81,235,41,517,157,64,43,516,69,True
421,136,110,555,516,238,59,875,235,40,True
81,58,245,238,350,21,516,55,235,64,True
81,7,104,516,25,127,19,74,26,41,True
555,60,80,21,517,79,516,497,145,240,True
57,57,57,57,57,412,412,412,412,412,True
412,421,58,429,61,201,110,236,57,79,True
412,131,203,875,21,119,5,432,69,517,True
40,236,517,24,421,26,78,44,41,429,True
875,875,875,875,875,26,26,26,26,26,True
57,246,67,76,497,39,517,53,145,78,True
134,64,235,517,875,60,114,412,429,245,True
82,82,82,82,82,33,33,33,33,33,True
20,20,20,20,20,35,35,35,35,35,True
53,53,53,53,53,53,53,53,53,53,True
102,236,58,110,53,85,246,81,60,412,True
80,79,266,429,89,421,164,145,518,412,True
9,30,59,62,89,54,86,10,17,31,True
22,32,76,145,98,54,90,62,20,518,True
516,114,101,875,35,27,518,37,350,81,True
57,58,16,63,119,163,412,98,517,238,True
157,6,103,64,54,8,110,79,21,67,True
43,22,875,266,55,64,142,236,81,235,True
107,99,22,154,110,64,133,61,429,350,True
267,68,10,16,90,13,8,82,141,238,True
143,81,26,117,27,89,15,25,115,157,True
235,245,266,39,110,43,21,30,516,80,True
64,517,523,7,57,235,81,24,421,142,True
141,119,110,154,43,222,36,30,429,518,True
58,245,81,43,80,105,57,421,110,99,True
64,62,236,429,201,78,412,60,56,523,True
432,875,110,245,60,21,64,43,62,134,True
15,421,84,43,91,81,58,432,104,517,True
85,2,157,523,111,106,3,245,21,875,True
89,517,62,60,21,58,110,223,64,7,True
875,80,163,235,223,523,58,4,432,245,True
106,68,875,145,266,429,245,432,203,39,True
78,30,69,106,119,875,429,134,60,58,True
245,350,81,80,429,555,266,104,111,134,True
142,53,64,429,266,203,26,43,39,81,True
84,81,41,111,59,80,163,15,429,412,True
110,104,39,7,497,429,127,203,53,81,True
60,81,43,7,875,45,246,163,110,266,True
105,48,106,114,429,58,432,523,246,517,True
429,82,240,113,106,40,84,76,78,110,True
80,875,245,145,111,81,518,64,8,56,True
517,3,113,101,18,40,136,31,15,57,True
25,9,62,127,429,67,102,24,201,21,True
14,27,22,60,58,145,201,81,202,875,True
9,39,89,518,45,420,143,523,497,16,True
14,412,145,7,64,517,266,134,164,236,True
266,4,201,203,21,245,53,164,91,81,True
145,163,82,2,350,126,43,60,523,58,True
58,79,67,40,875,80,235,13,113,157,True
16,37,55,32,8,48,18,145,40,235,True
117,555,429,12,145,11,9,62,96,53,True
51,30,202,427,498,235,53,21,432,117,True
80,60,81,57,24,78,429,64,201,517,True
60,432,81,78,68,517,104,523,25,142,True
157,53,223,420,517,246,8,113,51,3,True
164,429,268,104,103,36,101,235,39,16,True
68,114,421,44,110,7,350,86,64,81,True
412,142,67,81,90,101,18,1,68,41,True
50,142,39,113,222,523,163,432,875,126,True
26,429,2,81,350,69,76,56,412,875,True
39,30,222,875,516,117,523,412,517,429,True
517,104,21,235,875,421,122,53,222,8,True
432,68,64,21,86,157,518,555,60,238,True
142,64,24,81,43,429,266,106,245,2,True
76,51,25,246,266,875,350,21,245,58,True
53,517,48,236,516,523,79,555,266,235,True
245,25,157,21,875,81,50,163,41,164,True
41,2,203,201,517,235,110,58,76,236,True
54,67,25,122,21,40,81,84,517,110,True
75,103,32,236,429,518,555,143,53,22,True
412,107,143,103,518,69,99,236,429,126,True
29,202,238,13,266,41,22,429,9,69,True
51,86,222,9,18,498,25,134,145,516,True
69,235,39,67,81,31,103,202,112,22,True
412,61,240,22,99,68,145,117,267,41,True
42,122,150,164,498,104,26,96,142,62,True
142,64,86,202,235,202,875,30,201,266,True
98,7,421,43,110,60,58,51,246,89,True
53,67,82,421,4,76,81,875,432,555,True
24,432,142,81,421,875,67,68,126,517,True
245,114,41,127,18,523,236,412,161,57,True
555,81,76,98,39,68,161,51,9,235,True
56,51,25,8,86,81,8,412,142,64,True
61,36,238,875,246,104,99,268,4,84,True
350,61,21,89,412,9,236,7,29,90,True
30,54,15,222,350,202,32,266,16,39,True
115,59,350,29,57,133,143,4,64,246,True
122,131,35,498,24,64,67,157,145,51,True
875,99,55,555,350,517,122,10,18,516,True
111,27,202,18,84,61,235,154,117,30,True
117,81,9,34,54,57,99,67,26,37,True
4,86,875,412,61,126,142,427,235,103,True
21,245,875,58,120,4,122,517,40,67,True
246,245,236,106,164,12,67,555,23,79,True
117,421,235,81,142,141,517,8,43,22,True
223,235,117,246,517,43,518,141,57,110,True
157,17,517,114,7,50,350,142,79,2,True
7,223,235,64,41,110,245,236,43,113,True
131,53,67,80,114,134,10,236,89,64,True
41,245,875,235,67,142,26,421,53,81,True
3,53,67,64,875,81,8,126,59,432,True
76,24,68,412,202,421,523,25,8,126,True
235,81,24,236,79,53,202,429,3,121,True
432,107,236,15,245,53,202,517,421,134,True
412,81,107,79,91,236,432,875,60,518,True
236,76,98,81,111,23,222,432,64,7,True
111,79,246,523,78,24,64,22,223,7,True
2,412,203,115,236,105,64,875,81,111,True
104,115,555,245,164,429,2,24,142,412,True
517,64,8,44,81,429,412,516,246,76,True
131,81,203,57,432,64,44,266,51,142,True
875,523,79,60,268,516,58,111,235,154,True
81,78,246,60,412,223,235,41,68,64,True
157,432,78,105,64,80,235,79,58,518,True
154,8,122,236,86,76,126,61,555,107,True
122,75,161,45,154,3,81,25,101,245,True
6,84,111,121,83,34,235,13,32,76,True
60,222,53,516,58,223,235,122,245,13,True
84,98,64,145,43,223,235,163,5,875,True
111,498,64,516,131,223,235,163,5,58,True
875,7,421,12,67,517,26,2,111,81,True
246,223,24,76,235,875,60,412,202,516,True
37,22,350,120,142,24,223,235,421,134,True
41,76,516,350,29,82,223,235,421,142,True
81,30,157,350,516,517,223,235,60,164,True
111,134,39,126,164,516,223,235,2,236,True
142,85,81,235,64,266,105,421,111,202,True
76,39,235,67,13,412,429,236,60,875,True
114,350,245,81,421,235,67,64,107,517,True
202,68,517,20,122,112,421,25,51,150,True
223,235,20,122,517,69,53,4,98,64,True
89,236,131,59,67,516,68,111,81,64,True
412,202,245,58,60,13,126,81,79,350,True
76,412,202,4,236,203,81,37,245,26,True
223,235,516,163,236,81,107,7,421,201,True
236,163,81,12,68,517,223,235,2,112,True
103,429,44,121,516,223,235,875,79,236,True
350,350,350,350,350,33,33,33,33,33,True
33,33,33,33,33,555,555,555,555,555,True
64,432,105,21,41,79,875,236,523,412,True
68,523,62,44,2,126,51,432,7,64,True
523,58,76,39,432,26,62,245,555,110,True
58,81,142,555,113,201,523,60,236,240,True
111,235,421,39,84,523,142,2,58,223,True
53,21,131,64,266,55,432,246,86,110,True
432,36,142,133,21,245,30,58,518,81,True
39,81,154,84,350,26,13,78,235,266,True
350,141,875,145,245,26,266,78,235,157,True
64,235,7,223,164,350,421,110,86,131,True
84,235,154,69,223,161,64,15,80,8,True
555,523,875,245,68,20,429,12,157,516,True
427,67,267,236,516,86,113,517,350,157,True
523,111,8,104,517,236,30,58,223,81,True
145,64,142,99,86,245,497,58,79,21,True
81,91,350,82,60,412,21,86,113,39,True
60,21,875,58,98,111,516,64,7,145,True
39,555,64,4,134,236,57,145,497,245,True
81,7,60,875,43,3,235,91,59,517,True
60,82,24,235,21,516,350,81,91,30,True
223,81,64,134,27,59,517,89,21,103,True
875,134,39,79,111,103,202,245,98,266,True
875,60,555,21,84,145,516,76,157,16,True
154,875,350,81,99,875,64,25,516,523,True
21,142,421,106,266,497,81,516,498,236,True
518,81,117,64,157,516,246,115,48,154,True
350,13,80,81,141,235,82,236,64,432,True
64,142,875,523,235,81,350,517,60,236,True
246,36,517,523,412,8,107,134,875,25,True
245,114,516,21,53,91,266,79,235,69,True
432,429,20,75,245,103,350,421,23,81,True
245,58,21,497,82,163,80,110,223,517,True
81,78,134,10,98,122,21,102,57,142,True
82,80,26,76,119,27,516,107,81,201,True
59,432,82,58,21,875,203,85,39,154,True
8,134,412,429,421,235,142,203,266,21,True
58,110,246,60,223,80,163,86,21,12,True
81,236,103,235,64,161,64,875,350,81,True
89,875,21,16,30,69,236,12,120,82,True
30,134,266,523,89,120,236,13,111,21,True
18,412,15,26,91,28,82,4,875,236,True
266,350,51,3,245,37,81,203,350,13,True
42,517,19,3,107,145,875,80,136,555,True
81,150,15,99,60,4,517,6,131,64,True
64,55,236,67,267,64,78,523,236,516,True
517,39,28,117,96,64,110,103,36,161,True
53,235,59,105,22,517,79,76,350,119,True
11,91,64,498,60,79,350,236,103,523,True
81,61,235,64,164,236,16,235,26,91,True
64,110,875,267,142,21,268,412,80,2,True
421,432,266,164,134,111,114,523,79,80,True
81,104,145,114,99,222,164,76,20,875,True
245,91,145,41,53,64,127,21,235,84,True
127,245,21,86,89,164,64,44,429,4,True
62,523,555,4,39,266,245,236,235,223,True
110,150,2,245,9,875,81,79,76,420,True
4,104,875,350,81,142,106,145,421,41,True
62,12,145,7,80,68,142,21,421,412,True
517,2,235,91,98,421,412,523,875,4,True
33,58,113,412,429,62,79,145,157,26,True
145,91,76,164,412,53,21,2,134,6,True
142,64,266,498,497,523,516,412,555,60,True
78,875,157,134,59,235,39,74,122,60,True
875,21,266,76,58,2,78,523,3,432,True
517,164,412,80,222,113,114,51,875,268,True
142,111,236,58,60,21,89,76,266,126,True
104,145,245,82,235,62,79,875,246,22,True
62,223,34,235,245,60,429,875,266,38,True
412,55,58,104,145,421,875,56,84,523,True
245,875,39,432,110,266,136,350,81,517,True
110,266,136,875,163,126,74,98,60,58,True
875,517,59,81,43,223,8,235,421,266,True
119,266,875,246,102,39,60,3,523,412,True
350,238,429,76,81,7,236,110,143,64,True
412,4,104,429,141,163,53,21,555,57,True
7,104,10,110,875,236,412,266,64,38,True
111,523,266,142,64,56,432,59,145,69,True
4,41,432,110,64,57,15,76,235,126,True
106,64,523,518,266,110,99,164,245,68,True
523,69,53,80,62,126,245,350,81,58,True
98,555,523,104,875,41,80,76,110,40,True
91,157,111,58,517,110,64,245,43,875,True
91,30,235,223,86,39,64,523,875,268,True
81,80,64,142,40,145,43,2,4,429,True
145,30,111,56,39,412,429,91,69,875,True
223,223,223,223,223,81,81,81,81,81,True
101,101,101,101,101,50,50,50,50,50,True
91,43,81,76,82,104,58,92,111,112,True
21,62,60,91,57,517,523,142,432,64,True
39,245,555,31,62,4,518,2,523,875,True
12,145,4,64,82,110,223,48,142,266,True
238,555,81,60,58,517,21,64,432,518,True
429,875,40,517,59,81,555,102,58,86,True
81,350,875,68,64,421,42,145,111,517,True
81,43,8,517,64,412,523,85,268,59,True
59,235,53,7,517,64,38,40,523,78,True
236,76,223,110,266,30,875,111,235,114,True
85,111,51,64,432,497,145,142,421,24,True
15,432,82,421,163,59,26,202,875,89,True
41,523,245,517,26,64,429,89,875,68,True
53,56,421,517,523,81,875,432,4,30,True
80,53,30,79,523,145,246,875,60,24,True
266,412,58,245,21,421,429,79,91,517,True
245,412,164,523,59,56,126,30,53,21,True
163,56,126,875,78,266,429,412,76,3,True
142,59,516,429,44,104,80,875,145,131,True
421,110,26,245,111,875,15,3,432,64,True
201,875,517,110,64,53,523,246,79,82,True
110,126,517,78,201,145,429,79,41,30,True
134,21,62,76,25,523,141,82,245,111,True
57,110,5,517,43,875,350,22,91,30,True
2,235,223,164,111,12,421,523,58,163,True
53,145,246,126,60,59,68,523,412,875,True
8,3,79,51,74,14,45,61,101,235,True
421,11,22,420,115,143,266,20,5,90,True
122,58,40,81,76,875,74,59,523,412,True
429,37,13,518,53,432,67,68,555,62,True
68,517,236,44,421,67,201,113,78,80,True
64,98,63,82,875,30,111,523,84,39,True
107,64,7,555,81,429,3,68,432,78,True
58,64,7,236,432,111,145,2,421,127,True
64,142,2,432,81,111,523,26,245,421,True
875,421,81,103,111,68,497,145,150,245,True
350,81,85,69,64,145,875,89,84,421,True
55,9,145,58,51,92,245,14,202,20,True
68,8,64,12,523,21,7,201,421,85,True
4,350,236,79,58,51,131,64,412,54,True
17,59,22,104,236,267,157,60,145,54,True
268,875,31,111,429,145,117,80,54,99,True
427,62,67,163,412,235,105,19,875,18,True
59,555,516,161,110,412,81,55,58,60,True
429,111,420,90,62,267,81,517,421,39,True
106,4,39,51,25,412,91,98,121,39,True
112,101,268,145,104,412,222,157,58,64,True
412,236,90,875,29,106,202,64,79,157,True
517,122,39,101,110,267,54,20,157,136,True
99,145,412,104,41,235,429,222,67,145,True
53,516,222,13,142,141,58,81,4,432,True
412,8,222,157,136,89,82,45,429,2,True
64,235,516,236,7,127,35,523,517,58,True
62,81,16,82,55,266,412,68,145,64,True
39,412,222,875,245,85,82,81,64,350,True
497,268,266,67,245,101,157,64,27,202,True
112,16,523,64,57,497,92,131,145,60,True
86,56,12,8,157,222,236,64,875,16,True
32,50,55,114,523,517,110,412,875,64,True
7,235,29,67,875,157,154,4,163,80,True
62,7,64,81,555,4,113,236,555,163,True
57,161,28,429,91,517,201,112,236,154,True
29,245,350,86,91,64,412,112,39,81,True
13,98,68,102,110,30,44,81,11,68,True
111,110,8,59,115,89,134,126,76,145,True
81,25,122,64,157,875,157,57,4,555,True
235,103,92,81,11,39,61,64,67,201,True
29,16,82,157,110,81,74,7,39,104,True
21,4,76,517,412,43,51,99,517,64,True
69,875,555,58,145,131,41,267,64,145,True
114,99,64,110,103,145,117,4,58,57,True
254,22,64,266,89,64,81,36,104,89,True
236,60,84,89,523,4,254,21,82,412,True
161,39,238,119,104,236,267,36,80,60,True
412,98,429,99,154,76,235,21,875,23,True
64,22,254,81,26,21,517,98,105,16,True
39,15,67,59,518,111,12,51,7,517,True
63,203,127,64,23,131,81,76,164,35,True
131,81,79,85,51,266,22,44,516,164,True
246,60,104,145,235,121,517,201,36,236,True
202,106,86,127,412,22,875,238,53,154,True
79,39,122,81,25,69,58,13,12,35,True
21,117,3,14,20,122,62,105,50,21,True
111,43,53,157,81,81,117,80,39,64,True
238,246,4,157,64,157,25,516,64,67,True
8,57,875,51,53,350,141,81,54,99,True
875,161,39,81,421,518,35,103,5,26,True
516,51,89,90,203,64,4,238,99,27,True
81,8,9,412,80,111,51,875,41,30,True
266,412,59,81,246,99,63,517,75,80,True
517,498,238,64,555,17,145,875,517,99,True
99,54,7,64,15,24,145,61,53,107,True
51,58,555,64,55,142,145,20,122,35,True
67,56,39,517,350,53,82,236,23,76,True
350,11,875,51,35,67,54,432,23,35,True
64,236,875,517,91,266,142,25,157,64,True
101,163,41,145,13,84,64,21,875,245,True
2,412,145,28,55,81,412,32,875,82,True
54,34,107,236,157,64,412,875,145,39,True
67,266,555,145,157,114,54,245,67,53,True
134,75,51,110,82,246,145,24,62,43,True
8,350,64,157,523,81,157,12,64,11,True
145,432,104,517,39,7,555,122,222,23,True
523,107,48,875,145,157,245,350,131,41,True
117,69,24,238,236,236,127,412,58,141,True
117,69,32,517,80,157,81,154,516,875,True
21,84,5,157,53,117,69,67,39,86,True
267,69,516,157,555,163,37,51,57,246,True
122,53,62,84,523,267,69,58,64,236,True
267,69,134,39,104,19,555,246,145,429,True
555,240,76,350,15,497,99,54,145,141,True
21,44,11,86,40,110,555,142,517,2,True
64,266,432,163,39,420,21,44,11,40,True
429,76,145,61,412,26,157,517,145,78,True
3,64,42,164,81,68,246,67,64,412,True
3,64,516,29,432,64,99,39,145,412,True
157,11,39,67,412,105,143,57,254,127,True
59,202,31,133,143,13,104,81,157,412,True
17,57,498,497,238,157,10,145,79,412,True
429,145,64,157,412,82,268,875,421,202,True
39,114,9,21,75,80,266,523,39,122,True
202,164,31,62,20,429,12,62,120,39,True
412,110,8,62,64,18,35,98,57,86,True
53,81,39,28,429,236,103,43,62,266,True
110,134,412,62,58,99,412,517,18,102,True
78,235,62,67,39,117,27,35,518,236,True
53,875,68,81,5,64,25,103,51,58,True
64,67,58,99,236,79,202,62,17,103,True
7,20,17,51,89,91,99,58,245,145,True
22,25,154,17,131,114,412,81,157,64,True
412,203,51,238,39,517,86,104,53,157,True
157,81,141,154,350,412,203,51,238,39,True
6,412,35,145,39,202,154,19,517,122,True
517,136,516,523,60,39,432,35,18,875,True
110,875,517,60,555,3,429,81,68,104,True
89,21,57,64,517,10,421,111,145,4,True
236,429,2,44,134,164,64,31,12,81,True
517,98,63,110,64,84,59,432,81,78,True
429,421,245,145,111,875,58,517,24,235,True
3,875,523,412,86,22,236,517,62,111,True
202,38,113,157,432,110,246,64,72,143,True
51,7,104,517,89,142,875,201,523,64,True
62,81,517,235,76,246,45,236,555,429,True
4,64,39,432,145,81,80,60,236,9,True
111,110,516,104,517,105,59,236,266,412,True
7,59,523,53,82,104,875,429,517,412,True
523,223,23,245,64,350,67,126,236,79,True
110,154,44,427,61,421,223,58,235,7,True
517,432,523,163,875,266,43,64,7,115,True
875,79,114,44,236,122,157,12,64,517,True
145,266,76,555,58,516,2,81,55,432,True
43,421,3,122,110,517,51,99,58,39,True
350,154,11,44,236,142,92,98,57,81,True
51,238,58,104,53,4,59,53,145,122,True
516,86,64,238,517,142,429,51,64,555,True
202,238,53,57,11,53,523,82,69,157,True
266,142,77,350,69,122,7,81,20,43,True
236,516,245,81,111,45,80,64,68,21,True
68,21,89,5,134,245,81,114,203,412,True
432,105,86,64,498,142,64,236,412,240,True
516,245,203,58,350,59,10,523,517,235,True
13,875,7,157,236,145,238,412,41,64,True
106,157,497,145,516,517,80,875,122,236,True
80,236,201,164,60,53,523,246,236,421,True
64,15,67,68,235,13,202,111,875,113,True
266,21,350,64,68,875,421,81,16,134,True
516,421,21,412,37,497,68,498,875,61,True
235,41,236,99,62,412,122,28,236,142,True
16,60,21,157,875,76,142,223,235,24,True
202,53,64,555,16,117,222,126,64,240,True
112,555,240,516,523,16,81,350,69,5,True
10,56,68,523,89,131,498,497,875,64,True
203,523,82,111,516,145,114,68,64,89,True
122,126,69,412,64,60,75,142,21,412,True
22,68,105,267,64,141,134,523,89,875,True
25,13,51,64,875,81,26,68,142,203,True
29,497,240,245,236,21,235,68,39,58,True
82,432,7,64,51,76,68,126,523,555,True
84,112,106,45,64,68,412,39,498,82,True
60,58,68,145,53,154,223,235,266,245,True
516,154,498,497,13,523,25,266,131,104,True
421,68,38,41,145,57,13,222,2,412,True
235,875,154,266,16,85,68,59,523,53,True
266,68,429,44,203,14,432,523,240,30,True
236,79,68,110,267,223,13,64,235,91,True
21,111,92,245,516,68,64,84,555,134,True
81,64,43,875,245,68,40,30,235,236,True
64,68,84,81,111,3,45,12,41,164,True
68,245,80,98,145,523,266,421,223,103,True
59,236,84,45,16,2,223,235,68,103,True
8,110,16,91,60,68,236,201,84,64,True
498,421,13,412,3,236,68,51,59,25,True
41,64,69,53,7,111,81,126,163,266,True
145,69,516,89,164,432,78,64,3,81,True
111,163,80,3,154,145,412,7,245,64,True
432,68,78,203,163,246,412,222,122,76,True
68,154,412,222,82,21,245,432,39,24,True
121,89,142,68,246,236,111,245,498,76,True
134,89,163,58,246,7,432,114,60,21,True
412,222,7,68,421,245,432,110,203,82,True
68,56,235,223,134,246,432,245,164,21,True
163,266,80,111,142,68,60,555,498,39,True
8,236,497,68,2,235,98,145,76,91,True
432,3,69,266,64,523,44,60,164,236,True
69,516,64,21,154,51,555,60,80,114,True
3,222,59,68,154,163,2,246,111,39,True
21,78,203,3,201,79,80,111,110,518,True
421,74,145,412,134,79,68,81,266,3,True
55,421,85,163,145,222,53,91,122,245,True
16,122,7,246,222,64,81,78,518,55,True
350,64,523,38,58,266,113,55,145,111,True
523,875,113,55,432,157,517,117,81,266,True
104,235,80,55,523,102,35,117,222,126,True
24,55,19,74,35,102,85,240,40,523,True
82,111,55,245,81,429,98,53,7,76,True
7,163,21,266,432,111,81,60,58,55,True
30,80,53,145,516,81,64,235,114,55,True
266,55,432,51,64,134,114,245,412,119,True
110,164,55,497,104,74,76,429,80,412,True
59,55,145,24,57,432,517,85,523,19,True
429,81,105,104,111,12,145,236,245,55,True
30,164,110,55,875,517,518,33,203,89,True
4,76,119,44,24,55,117,429,64,57,True
555,60,55,89,429,875,58,76,51,235,True
56,432,236,517,64,104,40,266,131,523,True
55,115,2,64,25,429,40,164,245,68,True
89,163,126,421,55,432,30,39,110,555,True
126,421,81,55,9,107,131,412,145,30,True
68,15,421,412,55,26,145,39,875,53,True
61,12,98,31,421,55,429,80,245,412,True
266,145,555,30,55,21,238,516,223,36,True
245,523,43,24,427,58,81,55,111,76,True
89,103,64,163,14,82,51,117,112,122,True
91,89,60,110,72,78,26,517,523,25,True
57,105,110,150,64,8,28,39,235,62,True
64,82,34,555,236,157,102,39,99,62,True
54,245,235,81,39,37,238,154,60,110,True
523,89,517,2,74,518,30,421,110,875,True
3,145,64,61,57,81,55,80,43,58,True
42,81,555,24,64,11,58,81,518,350,True
107,44,81,245,421,235,518,104,21,142,True
157,111,122,421,523,518,104,86,134,22,True
133,350,30,39,517,254,20,518,39,81,True
81,164,104,54,235,145,82,518,517,412,True
142,107,21,60,350,518,115,32,35,119,True
518,145,164,350,523,161,54,145,238,77,True
497,22,518,238,141,119,238,81,145,131,True
58,13,350,60,81,82,44,43,39,58,True
555,245,107,53,21,875,235,74,517,120,True
57,91,21,201,517,43,53,555,245,236,True
157,82,78,117,96,64,13,518,429,133,True
8,75,44,267,57,154,555,22,518,429,True
412,51,39,60,429,81,350,102,41,555,True
238,157,350,81,75,99,74,84,41,202,True
64,202,68,236,112,74,2,245,145,412,True
53,131,22,58,64,82,142,114,133,350,True
145,59,37,3,161,80,53,64,518,84,True
429,421,31,497,74,3,22,235,59,875,True
2,267,523,236,7,103,81,43,114,28,True
58,21,157,350,31,67,26,10,516,11,True
82,120,99,81,80,245,133,432,81,86,True
43,104,131,84,81,8,64,4,39,89,True
10,7,201,64,81,54,235,202,236,516,True
29,555,114,131,517,81,350,30,518,13,True
21,875,64,7,235,41,111,42,145,91,True
8,240,64,134,875,74,89,21,7,59,True
143,24,67,875,523,517,16,235,121,238,True
150,8,26,82,21,74,22,516,39,238,True
555,81,55,516,421,74,102,79,21,246,True
39,82,17,57,114,131,119,412,875,20,True
53,13,56,267,23,27,50,35,22,48,True
58,29,104,1,51,19,54,74,7,164,True
80,875,555,104,523,77,83,8,22,74,True
517,875,133,350,141,523,111,142,31,266,True
84,22,107,29,517,121,122,105,53,62,True
157,240,497,42,110,96,61,64,41,236,True
60,103,74,412,236,555,134,266,245,21,True
202,35,246,555,84,82,103,64,202,235,True
23,163,517,555,64,107,64,350,42,39,True
2,19,235,236,74,21,122,60,40,89,True
40,238,875,412,157,875,111,39,245,82,True
60,53,22,16,240,236,16,235,8,59,True
202,61,38,76,81,37,39,27,121,35,True
19,238,43,81,164,16,266,235,84,60,True
36,236,58,90,143,84,235,80,141,51,True
84,222,350,120,59,43,11,131,203,38,True
64,16,203,90,235,432,517,67,64,122,True
497,68,3,58,145,10,78,6,61,134,True
106,92,163,523,120,235,8,421,236,84,True
98,427,84,85,875,157,2,523,16,350,True
16,235,64,157,516,523,64,875,412,518,True
103,82,875,254,145,84,523,7,203,157,True
157,555,102,150,523,99,81,84,37,421,True
21,133,202,427,2,31,115,117,51,76,True
875,22,5,82,84,84,18,53,64,17,True
555,245,142,37,235,13,96,117,246,79,True
3,64,41,523,68,74,7,223,81,203,True
7,350,121,22,27,235,79,16,81,240,True
14,111,523,875,60,134,266,412,21,245,True
24,76,429,39,44,69,41,89,60,84,True
555,523,55,875,133,62,517,111,429,58,True
126,24,113,115,432,246,517,412,266,523,True
245,350,114,67,60,107,81,517,432,875,True
83,245,64,81,432,266,145,412,517,421,True
203,58,69,432,268,412,115,245,83,2,True
91,110,64,53,13,235,84,523,85,421,True
4,83,421,163,3,111,266,39,523,60,True
53,875,76,516,21,81,8,113,80,235,True
55,2,235,110,10,875,223,102,236,81,True
235,223,142,13,104,875,81,79,238,412,True
38,53,13,59,429,21,2,43,412,55,True
412,96,85,157,60,429,3,142,2,516,True
517,110,25,555,30,523,44,68,59,236,True
246,516,350,67,154,81,106,80,79,10,True
432,517,21,13,2,245,8,412,498,91,True
7,78,64,267,69,111,21,68,266,76,True
113,240,201,110,80,21,412,91,60,516,True
99,2,412,74,10,142,350,516,64,81,True
164,517,7,81,235,78,69,111,120,4,True
21,240,68,64,82,875,60,114,223,110,True
35,4,16,235,68,39,429,875,421,412,True
30,68,126,134,122,164,3,76,516,523,True
517,163,523,201,80,82,21,516,76,111,True
875,267,102,80,81,21,82,266,432,68,True
875,245,8,498,497,555,30,126,134,68,True
245,25,60,78,67,875,113,555,80,81,True
203,16,81,111,30,57,29,517,59,26,True
39,240,245,498,497,350,163,41,80,81,True
2,105,235,223,516,240,41,79,110,16,True
157,5,523,497,875,80,41,2,89,134,True
523,131,13,56,223,41,7,64,235,157,True
82,240,523,26,64,235,164,245,223,421,True
412,15,267,33,79,62,57,150,245,523,True
98,106,54,51,498,57,875,96,267,15,True
92,20,498,555,26,7,10,107,111,432,True
236,76,58,223,235,202,412,41,245,266,True
76,41,7,432,202,60,235,412,134,131,True
222,412,235,141,875,154,41,25,136,202,True
78,81,235,421,84,163,64,875,154,13,True
68,246,517,235,12,114,60,154,163,80,True
202,223,126,60,122,85,21,53,142,64,True
201,30,126,22,8,76,84,68,523,516,True
13,68,523,246,59,80,79,60,235,266,True
80,3,235,58,60,412,68,41,59,115,True
60,89,875,127,202,412,69,421,21,13,True
24,104,22,555,55,235,110,78,56,427,True
875,82,421,223,110,157,67,245,89,58,True
517,21,91,44,64,104,110,412,266,31,True
59,555,429,7,875,517,22,412,516,203,True
9,157,516,12,13,32,40,104,238,245,True
38,497,104,81,875,517,421,266,145,555,True
31,268,523,64,266,126,21,53,67,245,True
421,7,523,412,57,110,44,236,79,122,True
875,81,3,142,2,72,68,64,90,235,True
245,236,82,223,235,523,350,80,64,7,True
59,61,81,875,555,142,235,223,64,266,True
32,134,223,236,235,39,7,60,238,31,True
43,875,246,245,81,141,80,235,45,114,True
39,429,12,56,245,412,86,64,145,142,True
21,164,64,89,136,517,429,421,266,111,True
111,429,60,110,91,56,43,246,30,81,True
10,64,81,235,55,117,875,26,203,523,True
235,163,429,91,81,40,110,203,875,26,True
54,145,64,142,68,38,110,432,60,236,True
60,266,110,68,38,164,134,421,429,412,True
68,86,110,28,82,114,21,163,64,875,True
53,30,875,110,58,223,235,268,516,78,True
523,50,126,236,79,39,245,223,80,235,True
497,78,268,421,21,43,110,157,39,76,True
236,7,429,421,875,432,21,79,246,266,True
86,432,64,145,7,223,2,266,81,3,True
517,79,202,53,875,10,421,51,142,412,True
164,223,142,64,81,72,111,21,30,105,True
223,235,56,141,58,64,523,518,80,267,True
246,154,235,517,223,266,245,110,44,39,True
111,110,68,236,64,523,517,84,12,58,True
523,104,91,555,10,86,21,30,246,875,True
79,126,110,517,555,30,235,236,39,223,True
223,235,76,134,24,84,421,111,69,523,True
68,105,64,145,555,79,246,517,412,523,True
64,235,164,3,202,44,68,238,79,21,True
89,20,92,39,202,41,76,523,44,142,True
89,245,24,268,110,82,21,111,38,59,True
497,498,64,875,516,432,21,245,203,266,True
64,142,110,236,875,163,59,58,523,7,True
350,523,8,11,80,34,266,236,22,25,True
517,523,44,30,126,80,59,21,875,8,True
103,76,39,74,54,81,2,516,53,8,True
8,53,245,51,64,80,21,236,421,412,True
59,235,110,13,516,111,203,2,43,81,True
8,412,51,26,59,53,2,68,266,235,True
223,235,8,58,163,21,55,68,421,85,True
2,202,517,235,10,60,516,8,555,81,True
69,497,154,266,157,30,56,8,555,523,True
875,145,102,8,98,203,555,81,7,517,True
90,112,246,267,15,62,26,10,517,32,True
111,51,38,164,56,102,7,58,81,201,True
60,53,429,8,58,143,51,80,30,266,True
111,421,4,523,85,8,55,64,350,81,True
64,81,67,8,235,69,53,79,517,875,True
79,245,875,523,350,21,59,68,201,8,True
44,523,203,8,516,142,202,412,126,154,True
43,202,8,203,134,7,223,421,235,875,True
81,421,236,105,432,85,157,8,79,555,True
350,21,8,107,39,38,266,236,102,44,True
23,157,69,421,79,8,58,9,163,21,True
246,350,21,82,3,7,236,106,8,64,True
111,81,235,421,875,64,8,89,18,266,True
121,74,238,31,25,142,157,8,107,235,True
126,8,107,25,51,79,157,53,21,80,True
875,163,21,111,157,119,8,107,44,498,True
245,80,39,111,21,8,240,202,9,517,True
81,89,875,113,80,40,21,245,8,240,True
4,412,875,21,76,111,81,154,8,240,True
67,79,516,236,76,89,8,240,245,107,True
89,523,8,240,2,245,21,236,555,111,True
131,412,421,523,57,8,517,111,126,21,True
21,112,420,421,235,2,516,51,99,8,True
21,235,8,240,79,238,126,142,555,81,True
245,8,240,9,235,142,111,21,2,517,True
80,223,81,28,41,60,157,8,89,21,True
119,30,516,39,412,157,8,76,145,53,True
523,201,8,163,78,21,236,68,875,154,True
498,497,64,142,13,79,523,157,8,12,True
517,236,25,8,107,429,104,412,875,245,True
61,350,421,516,21,142,412,51,8,107,True
350,80,84,236,113,163,875,8,107,235,True
60,8,240,44,523,110,111,516,64,112,True
2,8,240,21,201,30,41,16,81,38,True
8,240,432,421,81,516,64,107,498,497,True
245,51,8,240,223,517,21,350,64,82,True
76,429,105,235,24,44,8,64,41,21,True
79,134,24,91,432,245,110,127,62,43,True
41,145,350,105,64,421,429,412,142,62,True
523,875,246,245,235,40,429,64,55,98,True
245,78,81,875,150,429,64,62,412,134,True
122,126,131,412,202,236,58,517,59,53,True
44,91,76,429,126,58,69,64,412,21,True
429,111,35,39,236,518,104,412,523,875,True
518,39,58,517,110,91,111,163,145,875,True
235,223,58,104,11,134,203,111,266,429,True
412,104,517,21,39,59,89,875,145,80,True
555,64,142,2,81,235,523,163,246,164,True
110,421,164,68,201,163,350,21,58,246,True
145,223,92,67,9,31,62,136,59,63,True
145,266,516,76,12,126,245,44,523,517,True
76,517,555,114,145,875,236,432,7,104,True
23,111,145,245,26,236,60,429,55,412,True
350,523,64,875,7,517,59,38,81,99,True
57,523,104,555,24,81,517,2,58,350,True
79,523,44,26,91,429,58,136,245,875,True
21,111,136,421,41,875,145,245,59,432,True
516,432,64,81,84,421,412,517,429,875,True
7,875,429,36,48,134,53,82,64,81,True
429,875,44,91,76,235,164,2,115,20,True
2,7,429,875,497,266,111,498,245,203,True
245,91,145,111,58,119,13,86,64,555,True
40,21,203,517,68,236,201,81,57,79,True
163,142,432,81,122,111,64,131,110,86,True
110,107,131,412,64,79,21,43,236,8,True
266,111,81,64,134,875,12,80,163,145,True
121,429,44,80,875,103,136,43,21,7,True
85,67,201,64,350,99,21,235,76,13,True
122,81,64,517,43,164,119,44,875,245,True
111,523,131,2,39,875,60,236,235,223,True
13,122,235,27,2,11,22,84,79,120,True
67,21,516,43,82,62,54,85,107,84,True
59,105,121,104,141,134,8,67,43,31,True
427,516,121,85,8,523,245,13,145,64,True
86,79,266,78,101,26,67,34,51,40,True
25,63,114,69,40,42,96,50,67,516,True
84,82,350,20,516,86,54,33,236,106,True
161,58,119,154,122,10,114,4,267,246,True
29,99,41,67,517,54,45,9,555,122,True
523,421,236,55,26,497,875,79,56,51,True
421,25,51,517,266,432,56,145,114,113,True
134,111,2,5,523,203,45,142,875,555,True
99,80,517,145,131,555,235,41,240,113,True
142,266,111,22,245,4,236,875,79,81,True
157,63,555,22,235,236,39,350,517,121,True
62,21,350,517,875,13,236,412,266,31,True
120,99,57,117,523,51,142,517,111,33,True
119,142,517,555,164,101,22,67,245,10,True
53,62,103,114,21,9,38,126,34,51,True
33,82,50,516,51,7,122,99,110,517,True
53,39,51,517,163,126,105,236,161,102,True
64,80,103,67,16,412,39,145,517,101,True
245,21,432,555,875,55,350,81,62,64,True
555,3,266,429,245,80,517,113,111,523,True
24,40,555,110,20,80,43,114,498,245,True
39,104,4,350,81,9,80,121,202,111,True
412,429,106,517,22,9,68,62,51,25,True
523,245,517,114,267,76,421,266,81,143,True
13,245,555,110,3,523,82,39,59,497,True
267,62,104,517,236,62,104,11,202,161,True
86,27,22,154,117,497,141,39,555,498,True
555,62,145,517,111,78,41,498,89,60,True
21,37,517,59,39,20,236,350,86,555,True
235,86,62,517,498,39,81,350,59,555,True
157,875,117,29,59,80,64,39,523,235,True
517,67,81,555,62,157,350,84,222,60,True
235,4,875,81,5,51,157,39,517,412,True
145,555,223,517,157,157,81,245,11,54,True
202,77,82,10,101,236,86,267,105,517,True
39,89,81,48,154,517,236,267,101,64,True
99,350,59,202,39,111,62,145,238,8,True
33,412,203,69,4,81,432,555,30,122,True
110,101,13,32,4,67,89,517,64,22,True
119,39,143,91,517,53,64,18,54,131,True
17,51,117,39,60,119,236,350,238,517,True
86,64,555,21,3,523,875,517,350,142,True
236,235,64,126,82,523,516,517,350,142,True
81,875,517,26,142,84,19,236,267,92,True
91,84,145,350,517,245,11,202,117,222,True
142,266,25,51,875,50,64,517,516,81,True
235,114,517,875,81,67,142,516,117,2,True
429,82,76,238,106,85,518,267,421,517,True
143,523,8,55,76,98,235,267,131,517,True
267,245,19,110,60,57,81,69,350,64,True
61,117,236,164,516,69,523,37,58,517,True
157,79,81,80,875,69,21,117,58,76,True
126,33,81,59,85,498,412,84,517,13,True
37,238,21,141,58,498,412,24,517,268,True
498,412,61,266,64,497,157,875,81,104,True
67,157,235,56,516,81,517,143,39,555,True
516,111,110,20,38,350,517,21,114,11,True
51,39,60,50,58,236,517,143,92,222,True
163,55,122,104,235,40,67,555,30,429,True
60,240,202,517,267,412,141,105,57,51,True
268,98,81,113,235,154,240,222,517,267,True
142,429,75,86,875,245,16,235,106,76,True
99,86,81,80,421,350,15,8,86,245,True
120,517,114,21,89,266,145,245,86,143,True
238,11,235,44,518,110,142,40,517,36,True
523,99,267,76,36,432,236,22,86,59,True
145,54,412,517,98,236,267,24,142,76,True
58,78,28,202,101,350,236,154,30,523,True
54,518,28,51,412,429,69,53,163,240,True
51,235,555,36,30,81,60,350,157,122,True
222,40,266,115,60,133,45,267,112,76,True
55,201,236,64,23,350,420,26,76,81,True
875,202,40,421,350,266,56,67,84,555,True
11,51,117,421,350,79,112,80,86,59,True
154,157,111,875,142,122,99,517,51,76,True
5,133,21,99,517,62,117,222,555,64,True
555,245,81,89,114,91,266,98,30,21,True
102,38,110,267,36,8,37,7,51,19,True
517,523,53,82,20,43,103,51,516,76,True
32,99,55,13,51,84,81,53,121,517,True
80,24,98,60,142,432,516,51,555,245,True
22,56,432,429,30,86,21,350,555,245,True
163,58,875,429,76,64,142,235,82,223,True
57,16,13,21,64,266,432,104,4,110,True
41,145,119,127,62,236,54,518,43,412,True
81,57,517,104,236,235,223,3,8,64,True
24,115,421,111,235,8,64,126,43,81,True
122,102,236,53,22,235,429,223,203,131,True
89,523,122,30,91,141,81,26,117,142,True
21,107,134,421,44,164,76,38,223,235,True
82,517,223,110,141,142,44,145,245,114,True
266,21,59,12,68,41,412,142,64,110,True
429,203,84,875,44,48,64,157,81,8,True
145,134,497,33,18,110,875,8,111,26,True
266,104,523,7,412,432,517,78,429,76,True
245,110,60,412,875,76,85,89,21,91,True
517,141,235,523,142,134,245,67,81,432,True
39,432,81,113,38,523,875,517,79,114,True
22,432,58,91,60,111,429,412,104,517,True
235,111,266,421,517,110,245,350,875,203,True
875,350,81,76,114,523,40,126,64,7,True
55,421,432,110,86,40,64,69,236,81,True
145,53,76,98,126,222,412,7,64,266,True
3,145,64,39,43,350,81,517,245,236,True
236,53,21,41,30,523,134,235,64,517,True
432,523,92,64,3,246,84,245,44,429,True
53,61,203,523,57,67,429,80,30,89,True
517,22,235,64,516,236,43,58,81,104,True
266,134,76,81,555,517,497,110,64,131,True
57,76,21,111,86,412,23,64,131,523,True
223,238,235,163,24,7,497,110,2,517,True
2,142,429,412,86,145,111,518,421,517,True
136,498,497,164,517,145,421,111,58,68,True
236,245,111,68,145,421,7,432,523,266,True
429,240,412,245,236,22,23,421,7,117,True
523,44,427,163,517,145,3,79,126,266,True
110,223,86,64,68,222,235,875,238,30,True
110,2,875,517,555,427,91,78,82,235,True
235,21,427,91,13,517,110,105,875,35,True
412,523,82,517,58,30,39,266,21,432,True
21,412,105,58,76,81,350,55,107,875,True
268,266,53,429,421,523,80,154,111,82,True
164,105,223,235,64,68,412,145,78,246,True
54,106,235,56,2,350,523,8,126,421,True
81,3,7,82,154,64,106,54,432,157,True
81,875,350,421,142,64,4,523,44,58,True
111,145,10,142,64,523,112,104,555,27,True
38,64,145,412,82,875,202,2,111,4,True
875,38,76,412,110,82,25,21,115,104,True
412,523,38,76,875,136,21,67,30,53,True
523,76,122,201,134,412,58,64,268,222,True
223,163,245,114,91,60,58,429,432,240,True
91,236,245,875,82,134,164,58,76,53,True
51,245,164,78,43,80,81,85,266,60,True
246,76,67,37,266,14,203,223,7,110,True
38,64,267,57,523,222,58,9,105,76,True
81,350,62,58,76,15,2,267,91,30,True
2,81,58,163,555,72,497,142,110,64,True
266,875,110,30,80,412,64,429,57,268,True
110,76,40,80,8,26,64,57,145,39,True
119,421,412,266,4,81,164,517,64,432,True
266,7,246,223,74,80,76,412,523,58,True
203,126,142,43,81,21,246,76,266,111,True
412,4,64,81,420,76,429,38,122,12,True
266,105,43,81,60,86,412,429,58,76,True
114,80,76,350,222,266,104,875,69,61,True
80,57,145,76,111,56,429,245,25,58,True
81,432,266,76,58,4,64,25,236,39,True
350,81,24,80,163,82,30,40,126,429,True
14,60,39,106,145,432,81,58,76,236,True
60,10,89,429,236,4,64,21,516,201,True
74,55,104,266,25,89,21,58,64,85,True
145,104,69,517,412,875,110,4,223,421,True
80,76,266,145,12,238,21,122,432,28,True
136,64,266,222,43,523,7,57,421,89,True
126,30,246,44,429,420,81,142,64,40,True
25,222,104,86,55,24,58,60,26,29,True
7,23,81,59,143,3,39,235,74,64,True
81,64,236,223,266,126,429,412,60,114,True
517,421,7,236,432,497,82,157,429,76,True
157,235,223,86,64,429,39,79,12,133,True
126,4,16,81,76,78,64,236,516,145,True
235,266,163,246,245,69,110,57,115,421,True
245,142,81,16,58,117,30,107,119,236,True
25,51,43,245,246,60,80,89,145,57,True
523,432,60,58,107,266,40,80,145,76,True
12,21,85,76,110,2,44,202,57,142,True
79,145,266,134,64,81,875,555,30,80,True
14,21,246,145,86,45,54,68,497,141,True
76,246,115,22,145,133,18,64,13,412,True
432,57,142,421,21,266,64,26,429,40,True
86,875,60,69,80,81,4,64,43,8,True
7,104,266,81,432,80,76,875,21,517,True
245,64,432,51,8,91,76,43,39,81,True
57,203,157,223,235,98,50,7,421,43,True
555,24,68,421,50,163,518,246,60,266,True
266,429,111,203,142,875,60,517,163,81,True
31,21,24,4,30,55,145,76,79,875,True
134,122,235,523,64,145,60,420,164,89,True
412,2,24,222,3,15,64,68,54,350,True
110,240,80,223,20,58,40,28,81,57,True
64,50,523,25,136,58,60,240,21,412,True
48,134,22,143,114,2,238,412,523,8,True
84,203,240,89,102,236,81,114,412,60,True
111,518,2,236,21,12,7,245,222,57,True
238,81,555,76,58,164,111,145,30,240,True
145,4,429,12,60,10,142,236,64,89,True
39,245,111,145,91,126,412,517,421,429,True
72,58,245,235,223,84,555,113,266,429,True
412,64,429,145,136,30,266,246,81,497,True
412,80,76,68,21,429,555,107,44,11,True
55,497,67,164,421,236,432,81,4,141,True
222,163,57,36,142,85,106,64,18,81,True
3,235,38,267,26,412,99,74,145,266,True
555,498,31,15,110,266,2,222,22,29,True
30,142,20,11,32,39,17,161,126,23,True
497,60,85,145,91,8,126,201,48,110,True
57,80,21,89,113,201,60,67,266,429,True
61,16,9,82,555,29,39,76,21,497,True
11,81,8,136,2,110,76,59,420,30,True
245,4,22,875,80,58,44,429,2,142,True
104,55,62,53,145,58,21,76,114,12,True
432,104,81,82,39,245,163,58,555,236,True
105,157,76,875,236,69,81,57,432,2,True
875,113,555,115,266,412,145,523,82,60,True
26,115,86,104,432,350,7,517,81,64,True
429,44,875,517,245,266,142,22,104,267,True
30,58,111,81,80,432,28,91,145,875,True
85,27,517,75,1,91,164,235,69,555,True
69,2,497,126,523,134,421,51,517,25,True
350,115,64,236,57,266,43,59,164,81,True
235,58,110,7,59,9,246,145,60,875,True
59,245,2,145,111,412,64,266,7,222,True
60,236,56,85,9,110,7,246,223,517,True
517,498,24,61,497,236,79,2,555,56,True
412,110,64,86,142,523,517,875,122,9,True
432,875,81,69,421,58,111,68,145,59,True
81,245,53,23,266,432,875,67,236,60,True
163,516,43,429,114,235,82,223,517,157,True
235,223,245,76,164,421,105,111,58,110,True
53,421,266,134,110,39,235,104,245,875,True
69,98,517,875,429,201,236,523,64,134,True
235,246,76,39,236,60,555,58,429,110,True
43,110,39,68,203,246,235,875,164,76,True
421,517,235,127,81,43,7,203,44,429,True
516,236,21,245,350,266,7,203,235,111,True
104,81,62,517,40,145,79,2,78,518,True
24,64,7,117,523,26,120,235,110,80,True
110,266,68,56,79,429,82,875,64,7,True
142,21,421,875,236,122,64,81,38,235,True
164,523,35,517,157,38,59,875,110,58,True
133,111,145,76,516,523,25,126,163,58,True
523,223,8,64,34,110,126,30,412,80,True
111,14,110,7,64,523,69,126,412,203,True
60,875,145,43,236,55,81,518,44,421,True
68,145,126,43,80,64,42,86,350,39,True
44,3,64,81,517,59,7,84,236,111,True
21,62,126,412,84,39,25,266,110,517,True
86,421,131,67,350,26,145,2,106,82,True
39,142,64,875,81,517,523,421,85,40,True
80,81,245,53,875,517,2,412,266,145,True
43,81,91,74,64,24,238,517,21,111,True
131,350,164,30,236,134,517,24,235,21,True
875,58,350,523,134,79,266,432,56,21,True
60,240,39,43,110,516,76,53,21,58,True
35,31,12,117,145,875,516,60,111,523,True
246,106,236,53,76,64,82,875,21,40,True
164,68,11,44,875,266,245,523,31,53,True
875,110,201,113,164,60,21,80,2,412,True
21,78,3,517,89,111,64,41,236,61,True
157,64,89,57,21,432,110,60,8,246,True
236,516,350,245,67,39,43,81,157,106,True
420,245,145,111,84,126,412,523,107,16,True
111,145,421,245,23,76,84,875,133,202,True
26,104,22,412,517,266,110,64,134,9,True
266,203,61,235,223,64,555,81,8,142,True
86,64,101,56,110,235,57,105,122,77,True
523,57,7,103,517,83,63,80,516,236,True
145,267,80,9,106,134,498,57,350,421,True
154,142,67,240,201,235,223,122,45,60,True
17,32,555,131,51,22,15,154,266,40,True
86,154,54,51,134,58,7,13,145,74,True
15,57,10,22,2,98,7,236,240,203,True
101,202,122,67,555,114,161,222,412,266,True
54,40,429,517,60,48,518,25,53,15,True
43,31,136,67,117,126,516,85,236,39,True
131,53,121,21,32,164,28,142,81,235,True
203,236,86,223,235,79,235,223,157,516,True
81,59,875,45,150,235,223,154,58,68,True
98,236,28,498,497,516,20,25,517,110,True
35,43,429,44,58,110,154,497,157,163,True
164,81,28,497,498,82,99,254,202,31,True
875,25,51,60,236,11,21,412,157,98,True
45,412,58,29,81,235,21,60,39,62,True
81,136,75,203,141,27,33,22,122,121,True
266,142,2,53,523,114,517,110,98,64,True
40,84,117,39,517,115,24,157,6,22,True
114,517,34,161,235,3,68,107,16,9,True
38,99,86,8,59,14,136,105,21,412,True
498,89,875,81,61,50,82,24,134,223,True
141,119,517,131,203,523,24,76,4,154,True
240,39,79,518,51,114,8,81,421,9,True
523,122,61,412,76,81,157,350,517,64,True
523,5,111,134,57,115,58,266,875,163,True
517,18,497,78,875,60,266,9,58,236,True
56,145,30,82,111,60,110,412,58,68,True
875,58,145,80,76,350,81,8,236,421,True
89,55,429,57,104,82,64,8,12,498,True
68,412,51,64,105,53,523,142,421,24,True
120,126,21,246,90,127,84,429,106,350,True
498,126,80,92,16,59,517,22,38,31,True
412,62,14,12,99,240,41,15,875,61,True
114,421,142,429,111,266,9,112,60,145,True
246,60,80,236,9,91,102,81,350,240,True
79,555,24,246,523,2,81,127,64,43,True
523,23,235,555,59,24,26,102,21,238,True
245,202,555,82,114,523,82,223,81,64,True
113,875,236,266,145,72,429,111,74,523,True
875,245,9,81,56,131,92,157,429,412,True
412,555,79,21,42,43,2,875,142,110,True
58,429,68,113,111,64,78,18,55,875,True
516,7,104,555,115,80,245,89,8,110,True
245,39,44,429,875,126,55,59,117,81,True
412,60,58,115,80,134,104,111,235,68,True
64,3,111,81,58,203,523,80,79,517,True
429,412,61,60,41,8,111,235,104,142,True
119,64,53,48,62,76,111,235,236,142,True
875,223,81,60,517,85,115,4,64,432,True
64,245,110,98,126,113,223,235,58,7,True
497,81,134,421,875,79,43,15,107,39,True
84,104,201,245,429,111,18,875,39,55,True
2,523,99,517,39,223,235,107,131,64,True
875,412,22,26,421,69,2,44,429,518,True
555,115,61,245,126,266,223,64,235,517,True
142,39,22,104,16,412,429,141,236,245,True
517,43,110,59,106,223,235,107,126,79,True
91,223,235,102,122,127,115,555,266,107,True
110,30,267,80,42,517,82,64,412,81,True
236,60,145,111,10,201,81,517,55,875,True
81,875,201,30,80,523,89,91,245,164,True
432,13,421,81,142,39,79,412,429,7,True
145,64,89,236,117,201,69,429,58,76,True
31,875,39,245,266,80,432,517,523,516,True
245,85,429,39,111,23,69,76,412,80,True
115,555,245,104,58,875,12,266,235,3,True
122,56,82,432,523,420,64,131,81,43,True
268,59,523,44,57,517,79,157,145,875,True
875,60,44,523,68,145,89,80,79,82,True
84,517,41,235,81,523,350,24,55,64,True
145,84,517,39,875,266,122,523,412,163,True
81,350,61,39,421,223,80,24,523,517,True
497,76,523,875,517,23,102,25,51,236,True
516,523,44,517,64,145,59,412,31,875,True
350,81,39,64,7,76,126,266,517,235,True
350,64,120,105,81,421,875,3,235,7,True
350,266,523,60,126,429,136,106,24,59,True
56,81,350,102,2,80,26,61,523,64,True
429,523,44,68,59,235,80,64,61,57,True
429,57,497,245,39,555,60,145,12,875,True
29,163,875,59,35,222,69,12,72,267,True
40,266,421,112,81,875,164,429,91,245,True
8,223,235,60,119,555,110,266,82,64,True
517,41,432,236,7,39,134,98,80,60,True
517,91,163,145,81,110,64,412,8,246,True
236,517,412,2,429,266,21,111,64,7,True
164,245,21,78,9,64,517,110,223,126,True
429,10,875,12,517,142,516,67,104,412,True
107,131,21,412,245,53,64,38,236,57,True
498,267,875,33,421,48,85,350,81,55,True
104,134,68,429,53,236,61,254,412,39,True
111,115,126,64,523,875,102,412,429,39,True
245,24,555,45,104,58,119,517,105,235,True
53,4,22,79,235,18,7,80,163,120,True
30,91,266,111,421,432,236,26,517,21,True
432,8,141,4,523,245,142,126,53,429,True
236,58,412,429,163,875,245,53,81,80,True
56,245,24,44,523,12,498,266,60,127,True
266,60,81,432,7,412,21,517,157,107,True
145,517,53,119,64,56,30,875,236,432,True
245,22,89,875,68,517,44,429,64,266,True
523,412,110,245,79,421,82,222,875,142,True
412,76,266,7,429,517,104,145,89,875,True
81,113,266,517,223,421,142,145,412,58,True
122,157,429,222,16,8,51,31,64,42,True
76,23,142,81,412,9,145,268,64,106,True
55,30,145,266,111,236,432,20,122,517,True
246,43,76,875,145,266,55,64,235,111,True
57,497,145,104,136,236,26,201,203,24,True
412,2,142,40,22,113,875,350,39,266,True
266,517,432,236,21,875,523,111,31,421,True
2,523,412,90,126,875,81,104,350,7,True
80,163,76,89,82,103,350,64,266,21,True
202,875,142,64,6,157,121,111,55,117,True
875,30,16,22,91,875,64,245,6,523,True
154,117,17,7,21,875,267,6,157,110,True
516,555,81,875,111,4,875,350,27,245,True
103,420,59,16,67,246,875,117,235,64,True
64,131,81,89,875,432,21,236,68,2,True
25,21,59,4,875,111,421,82,145,42,True
523,76,57,266,516,107,157,64,142,164,True
223,235,64,136,236,142,875,203,21,111,True
145,245,126,58,12,266,517,21,163,111,True
24,11,7,201,22,412,69,875,246,523,True
203,53,114,21,25,246,102,16,82,81,True
875,56,25,27,22,22,40,64,38,68,True
875,91,117,142,202,58,122,145,126,12,True
266,76,80,81,412,497,18,122,114,60,True
163,64,432,81,516,89,21,60,266,142,True
60,555,39,875,134,21,79,68,80,53,True
21,79,111,57,80,28,236,523,85,201,True
61,875,421,223,235,222,412,80,76,23,True
3,59,875,21,111,266,22,60,58,432,True
23,75,875,27,61,57,141,81,78,238,True
421,80,223,21,82,222,2,4,89,114,True
245,236,111,81,517,235,421,112,266,89,True
875,45,421,16,114,25,30,82,22,2,True
134,53,39,2,236,15,421,4,516,235,True
21,64,412,82,142,22,163,2,517,246,True
236,421,98,24,163,119,50,126,76,875,True
60,119,266,80,89,245,27,67,421,16,True
114,68,21,60,236,7,240,421,235,16,True
163,150,4,64,412,114,2,55,202,432,True
38,875,236,10,30,11,412,497,235,22,True
56,41,236,10,25,421,78,80,17,35,True
90,30,4,107,141,74,64,236,202,110,True
8,115,35,497,236,21,11,91,15,142,True
8,10,163,107,29,85,36,35,50,122,True
96,53,4,19,80,51,10,33,13,90,True
11,11,11,11,11,157,157,157,157,157,True
82,82,82,82,82,8,8,8,8,8,True
157,157,157,157,157,497,497,497,497,497,True
76,45,12,157,78,126,82,236,143,84,True
246,245,57,412,429,120,41,555,145,104,True
68,126,142,59,110,516,91,245,111,523,True
68,22,30,235,57,114,34,412,85,150,True
145,235,58,39,245,5,3,143,81,236,True
245,76,236,164,432,412,517,145,246,266,True
432,266,517,64,523,245,57,110,235,91,True
421,412,875,222,127,110,7,64,25,14,True
79,266,81,157,350,57,21,245,246,111,True
2,62,89,429,245,517,875,39,21,91,True
24,25,142,104,429,421,412,21,266,38,True
60,126,81,432,236,238,245,875,111,21,True
875,117,2,523,163,432,429,84,69,421,True
421,81,245,117,24,145,246,111,875,79,True
110,412,7,64,57,41,81,43,246,245,True
21,157,245,235,58,236,145,111,79,39,True
236,555,7,64,78,412,80,875,429,4,True
201,523,134,60,429,157,421,119,57,412,True
203,412,134,22,111,38,421,25,21,517,True
40,7,110,875,60,429,517,245,114,44,True
39,245,78,555,81,142,412,523,517,10,True
875,523,91,245,432,56,79,145,40,420,True
412,21,34,13,421,164,875,81,38,350,True
86,89,246,245,110,39,141,412,498,4,True
412,81,266,35,4,246,245,14,235,57,True
33,157,48,28,22,111,134,421,142,266,True
80,60,412,429,67,111,76,114,117,145,True
875,106,119,64,145,67,60,223,235,517,True
421,39,163,111,69,517,429,89,154,86,True
110,80,164,143,245,26,33,104,68,18,True
875,235,517,421,122,266,104,43,110,105,True
523,245,114,80,44,39,110,64,82,235,True
4,21,56,60,875,245,246,432,523,266,True
64,74,79,875,131,246,53,58,60,21,True
67,21,111,517,245,69,875,38,58,64,True
68,59,523,39,111,113,412,429,13,122,True
60,164,58,21,143,421,432,517,39,163,True
114,76,145,875,238,79,122,412,39,523,True
80,69,235,39,104,60,23,81,164,40,True
48,57,30,67,235,429,12,39,245,516,True
246,245,223,114,235,517,145,64,350,80,True
145,142,41,11,432,875,119,26,33,4,True
875,126,245,25,523,38,57,30,21,89,True
7,57,21,44,56,91,245,10,555,25,True
429,240,432,80,30,555,266,81,103,163,True
412,7,64,50,2,134,517,25,81,154,True
517,246,64,21,412,266,16,2,7,523,True
246,245,145,122,412,81,79,30,432,56,True
145,53,78,245,91,246,76,39,429,412,True
22,117,26,246,245,3,104,39,429,497,True
412,246,245,266,498,80,164,254,134,3,True
60,55,236,81,412,145,62,76,89,142,True
81,268,245,53,80,266,89,21,39,163,True
64,117,523,201,6,91,110,164,44,245,True
91,60,81,43,875,5,134,432,2,245,True
21,245,432,39,236,111,523,59,114,517,True
110,136,412,86,76,236,875,21,60,80,True
105,429,76,86,40,8,412,85,107,236,True
523,142,266,203,267,39,76,78,81,117,True
21,104,68,111,875,412,81,142,39,60,True
76,107,56,555,21,235,875,245,421,201,True
246,81,236,350,60,91,163,110,412,2,True
126,60,555,517,145,10,412,59,58,21,True
80,60,145,555,150,412,236,429,875,76,True
235,154,60,91,516,64,131,145,429,79,True
412,21,126,516,245,427,91,45,111,875,True
60,81,58,106,246,266,59,875,68,145,True
236,432,115,60,58,98,145,246,24,245,True
59,145,875,3,111,245,64,516,201,81,True
122,245,145,246,111,516,39,110,412,76,True
39,517,84,81,412,104,145,875,26,12,True
89,104,22,245,82,875,43,236,76,429,True
142,523,58,245,432,43,79,81,875,240,True
523,875,76,106,245,81,350,163,517,122,True
164,43,266,523,76,58,163,246,235,22,True
235,21,39,56,60,76,8,126,43,81,True
223,154,85,236,235,103,81,350,86,76,True
76,266,412,523,236,126,245,21,107,13,True
238,69,113,875,235,245,523,432,266,142,True
126,245,39,429,412,134,266,202,555,60,True
350,105,81,120,60,24,245,69,267,157,True
875,76,110,246,89,145,111,266,117,203,True
517,267,60,875,81,245,120,145,421,412,True
21,39,78,91,517,102,266,110,201,105,True
21,136,350,163,58,80,57,44,76,429,True
13,245,86,350,236,81,40,30,555,266,True
60,86,89,21,91,58,9,105,245,523,True
145,9,157,246,142,21,105,60,89,80,True
875,81,350,1,421,122,157,154,201,236,True
246,79,81,350,157,432,127,40,145,421,True
111,245,266,51,59,69,39,79,412,157,True
67,131,516,111,157,412,240,202,64,68,True
39,202,111,157,60,7,64,516,81,40,True
240,517,99,81,429,79,432,145,67,157,True
516,163,412,64,875,157,41,98,131,13,True
235,69,80,60,236,223,79,81,157,82,True
69,203,497,157,122,7,21,12,245,236,True
555,79,157,523,8,55,223,51,64,80,True
157,79,145,875,89,236,517,43,81,77,True
134,157,39,68,79,235,81,64,112,266,True
517,64,145,133,432,235,79,58,157,39,True
43,64,68,69,157,2,8,98,111,145,True
25,81,78,131,39,111,21,24,163,80,True
21,157,164,79,25,76,497,498,517,23,True
81,39,79,117,8,113,67,157,420,53,True
81,201,76,39,875,163,56,30,80,21,True
875,64,22,68,55,163,350,81,85,157,True
37,34,2,202,235,39,102,516,81,43,True
21,350,157,113,516,246,60,26,517,110,True
39,30,134,122,111,81,517,245,78,16,True
89,157,79,21,236,516,429,163,235,80,True
3,235,223,120,245,126,157,21,350,76,True
266,236,53,76,16,157,126,421,68,523,True
79,43,236,523,157,126,64,134,120,235,True
111,523,106,245,157,498,13,236,107,497,True
22,44,76,157,266,21,114,245,246,235,True
157,41,107,12,31,89,875,111,203,145,True
81,114,157,16,79,412,31,14,76,246,True
12,69,236,86,64,163,59,3,78,39,True
245,21,39,57,8,76,432,266,157,523,True
16,120,64,7,21,235,76,223,236,157,True
145,4,76,16,53,157,111,235,91,30,True
89,150,60,145,157,136,875,245,21,412,True
157,89,30,21,13,41,412,523,246,60,True
432,157,79,523,266,875,235,223,68,245,True
21,245,432,55,80,68,163,59,12,157,True
98,24,82,21,78,36,16,4,201,157,True
126,53,60,39,110,266,432,84,498,9,True
131,60,80,117,429,523,555,39,245,78,True
157,203,21,53,79,164,412,84,64,235,True
20,84,523,91,16,875,26,76,98,157,True
21,516,157,235,245,84,15,44,154,39,True
875,201,236,91,20,79,516,157,412,67,True
154,131,25,21,39,523,89,245,98,122,True
98,39,60,40,235,154,114,21,421,238,True
163,516,157,111,59,67,20,266,412,91,True
222,235,516,39,64,67,122,21,76,25,True
44,266,32,157,236,412,21,240,131,421,True
53,523,266,131,79,235,83,236,56,8,True
28,266,84,201,202,245,555,145,516,157,True
60,523,201,516,90,157,74,53,41,76,True
76,74,142,111,145,523,157,64,235,30,True
82,236,157,79,40,44,11,235,223,41,True
35,2,235,267,84,9,157,21,17,64,True
22,157,163,24,53,235,79,80,266,555,True
266,145,64,412,58,497,76,21,157,23,True
67,875,53,245,98,420,157,60,25,110,True
21,131,875,432,141,76,516,157,111,145,True
84,110,245,91,21,432,236,30,98,157,True
25,236,79,516,157,266,51,89,56,163,True
53,145,64,68,78,30,222,412,516,39,True
40,421,164,875,21,98,157,110,60,85,True
55,412,76,78,236,245,202,235,516,157,True
145,497,68,421,18,517,238,2,111,523,True
238,53,429,8,154,7,39,64,68,81,True
9,163,110,246,164,432,51,238,245,24,True
102,412,110,238,875,64,235,223,518,517,True
38,516,223,235,79,412,429,238,76,236,True
89,24,523,2,61,64,40,142,236,238,True
421,238,86,74,68,143,21,58,164,60,True
238,518,412,110,20,432,60,81,58,127,True
131,8,350,81,421,238,518,13,40,59,True
44,235,517,64,24,223,30,238,429,81,True
81,111,875,30,555,55,202,98,121,238,True
104,523,117,91,57,223,517,76,235,238,True
82,238,51,117,245,350,420,81,141,127,True
64,53,74,238,266,81,80,432,107,163,True
432,81,266,35,112,55,421,238,89,145,True
875,104,497,498,7,117,266,145,76,238,True
80,81,238,111,60,7,25,21,154,82,True
238,85,350,421,81,104,80,8,89,523,True
60,517,126,106,235,238,79,523,13,16,True
7,24,64,235,223,238,81,78,43,60,True
53,21,122,64,517,79,266,238,163,412,True
8,412,2,54,236,58,60,21,111,238,True
89,81,79,10,875,238,266,68,40,498,True
81,91,245,238,86,59,107,111,4,145,True
238,114,432,21,28,81,412,107,60,555,True
51,43,516,421,245,235,238,81,60,58,True
68,67,238,432,55,517,21,44,10,2,True
517,875,117,22,412,81,245,126,25,238,True
58,39,145,35,25,238,30,68,53,21,True
104,68,111,142,21,81,24,238,516,60,True
30,240,238,53,163,523,350,516,126,60,True
7,350,222,203,516,78,223,238,60,235,True
517,111,875,92,145,131,89,21,238,80,True
111,420,5,222,84,223,523,7,86,238,True
110,76,875,68,238,67,516,2,111,145,True
26,117,222,80,76,238,89,86,203,516,True
875,60,4,53,21,236,238,516,76,432,True
412,115,266,245,238,81,24,76,142,432,True
268,60,875,43,21,432,238,202,30,58,True
4,421,412,517,523,21,245,12,37,238,True
235,223,875,238,30,266,21,76,201,516,True
245,7,104,875,516,238,51,43,30,82,True
145,58,238,163,89,51,517,412,91,164,True
875,81,238,53,60,39,30,58,202,432,True
238,67,517,516,98,245,421,82,235,236,True
81,76,238,68,111,266,89,30,236,84,True
875,60,81,266,432,27,238,517,43,21,True
89,76,80,21,875,53,238,245,86,202,True
875,117,81,517,142,86,238,350,79,67,True
76,81,201,164,875,238,60,412,429,84,True
223,76,246,202,8,30,238,432,81,24,True
516,412,421,10,81,8,76,51,497,238,True
235,497,80,76,122,517,238,12,875,523,True
223,235,79,240,238,517,80,21,68,57,True
60,516,31,89,21,157,223,235,238,76,True
236,201,58,15,60,432,266,81,238,76,True
131,30,81,143,57,40,35,238,82,523,True
875,412,523,517,104,245,235,85,68,238,True
235,523,517,80,516,21,201,238,60,39,True
245,126,516,15,235,68,79,517,22,238,True
235,202,30,98,68,21,245,82,89,238,True
67,164,245,432,126,875,81,131,201,238,True
432,79,875,21,240,76,412,98,523,238,True
127,421,8,25,523,32,111,145,238,23,True
8,236,238,60,25,421,875,142,81,43,True
62,126,875,30,236,89,142,64,516,235,True
235,245,85,91,222,142,40,517,64,145,True
517,81,9,91,62,60,80,523,43,68,True
81,875,53,421,134,25,432,68,80,517,True
555,62,163,15,235,64,80,134,84,875,True
523,8,40,62,24,266,142,875,110,245,True
266,223,142,64,235,432,421,69,523,875,True
24,236,68,60,246,266,412,110,79,142,True
875,421,142,106,119,111,523,517,203,126,True
145,58,60,412,55,59,142,85,21,111,True
12,134,110,60,875,4,104,106,81,497,True
875,104,110,517,412,201,21,64,266,134,True
421,134,523,350,23,68,43,21,39,104,True
2,56,429,875,266,60,240,142,81,223,True
110,43,55,245,875,81,266,235,58,76,True
57,429,53,245,875,82,51,80,60,432,True
429,89,136,104,266,412,134,110,64,875,True
23,57,64,21,136,86,412,142,429,517,True
142,43,236,98,517,235,58,39,15,60,True
81,136,6,235,64,518,236,56,105,53,True
81,350,246,76,58,79,202,875,106,80,True
518,875,51,89,164,39,163,412,21,126,True
429,236,59,111,142,64,51,68,54,412,True
56,12,18,80,516,44,30,91,122,429,True
117,58,145,60,105,523,235,517,875,59,True
235,30,223,85,126,21,412,58,64,142,True
107,163,64,22,412,111,142,429,86,875,True
25,266,245,55,67,517,236,64,58,412,True
58,163,81,44,64,80,497,875,245,145,True
39,81,245,2,223,58,412,78,523,72,True
523,56,350,58,60,59,875,246,106,429,True
21,80,2,134,412,110,89,141,58,61,True
43,24,67,42,78,28,10,154,235,81,True
51,10,12,99,43,145,39,2,38,142,True
64,99,131,236,266,523,432,54,164,105,True
110,134,60,111,266,236,432,39,105,421,True
111,17,134,61,50,112,10,86,350,32,True
67,91,126,161,7,201,101,523,59,37,True
23,133,2,37,126,84,18,117,24,99,True
54,15,163,8,21,104,115,141,14,96,True
53,126,31,133,268,127,86,81,64,498,True
523,105,41,59,43,110,24,267,266,112,True
44,57,8,38,6,45,32,82,40,164,True
421,142,107,16,39,126,68,429,105,64,True
78,223,235,64,142,39,236,105,111,59,True
421,10,517,44,429,105,875,39,111,523,True
45,61,48,110,142,555,105,350,17,58,True
121,112,235,17,236,38,429,99,107,25,True
145,111,48,105,875,64,82,429,412,8,True
517,26,238,51,85,164,105,24,523,40,True
2,60,21,69,122,4,22,117,1,35,True
266,111,517,22,56,875,105,59,555,81,True
236,64,110,875,245,21,412,39,104,105,True
64,131,412,21,56,105,59,235,81,69,True
412,421,875,61,110,105,223,82,64,235,True
85,517,145,89,58,48,498,497,105,236,True
40,105,235,68,59,53,2,22,64,111,True
64,21,86,82,89,523,412,2,30,67,True
266,81,105,64,68,421,523,82,517,432,True
523,44,164,105,113,103,24,21,35,9,True
106,142,2,37,202,432,64,105,58,21,True
245,78,25,91,523,24,111,154,164,81,True
235,60,58,80,246,2,432,145,24,517,True
142,421,350,67,203,126,145,53,60,78,True
421,21,24,89,163,201,35,142,114,81,True
350,141,24,21,163,523,78,432,517,62,True
517,58,2,81,432,246,79,24,145,143,True
429,268,517,235,24,126,79,6,497,110,True
3,59,203,82,16,142,24,223,110,35,True
131,98,121,111,429,35,142,235,110,24,True
117,67,517,113,24,235,61,421,43,114,True
54,64,157,76,51,2,222,21,58,516,True
517,142,432,110,62,3,106,60,24,235,True
24,421,38,267,110,80,58,412,21,60,True
517,12,126,203,523,30,238,111,24,222,True
39,7,111,21,2,24,412,236,127,64,True
24,56,350,81,60,104,222,2,412,7,True
111,76,523,122,56,24,222,236,412,60,True
105,24,523,412,64,26,21,79,266,38,True
24,163,12,22,91,39,44,126,76,429,True
64,85,523,412,68,24,236,223,81,245,True
64,145,134,497,58,81,43,24,131,113,True
43,114,86,245,21,50,80,76,133,163,True
38,50,81,421,24,523,114,60,238,89,True
163,429,54,104,106,80,432,523,245,24,True
163,21,164,122,12,80,99,134,24,64,True
24,427,51,111,98,89,523,420,84,2,True
114,412,421,68,429,517,2,21,39,111,True
238,235,2,8,81,3,245,110,24,350,True
266,64,110,35,68,59,91,80,523,82,True
82,91,60,523,89,429,163,40,78,421,True
142,86,222,432,2,110,78,4,48,117,True
57,523,117,91,112,238,203,266,412,163,True
39,104,69,12,142,59,8,163,81,517,True
58,245,202,110,43,53,523,142,875,60,True
58,245,523,875,142,126,60,9,429,163,True
111,429,421,8,245,119,142,2,412,85,True
35,875,76,21,39,412,104,8,58,110,True
22,412,98,105,13,101,68,113,126,39,True
164,82,33,429,92,53,14,10,107,126,True
54,82,555,67,60,141,79,142,20,150,True
517,111,875,110,157,142,35,266,523,64,True
22,163,62,432,157,235,110,84,64,126,True
110,39,201,62,245,21,142,236,40,2,True
517,266,523,3,64,58,427,21,157,12,True
429,432,68,58,421,64,85,523,142,53,True
110,142,69,104,412,2,64,7,111,523,True
82,3,432,64,81,39,523,517,245,25,True
267,142,429,69,421,24,119,55,64,35,True
79,245,58,429,875,60,266,518,40,110,True
412,517,80,222,236,163,111,421,266,110,True
74,517,32,76,126,16,9,164,127,150,True
517,43,2,82,523,117,58,91,60,110,True
30,350,238,110,236,3,117,59,517,21,True
164,104,350,429,4,64,245,44,126,22,True
517,104,523,143,875,60,110,122,7,432,True
80,84,64,81,235,875,115,106,7,104,True
119,89,86,68,64,62,110,432,98,517,True
62,429,104,44,26,82,64,40,115,4,True
86,201,420,110,60,875,79,246,145,412,True
164,43,110,39,76,30,122,429,58,111,True
133,39,68,8,28,98,85,110,43,429,True
43,64,110,4,62,81,267,38,85,60,True
875,421,517,145,142,110,69,58,111,76,True
8,110,58,245,412,53,429,30,56,126,True
875,517,236,110,350,429,142,26,2,40,True
245,111,21,24,517,80,58,15,235,163,True
79,21,12,236,24,102,238,164,40,523,True
81,79,238,164,40,266,523,497,80,60,True
76,875,517,429,111,122,68,104,523,412,True
223,81,38,875,39,119,412,517,58,91,True
81,111,127,64,86,7,266,254,145,89,True
164,60,68,21,43,114,102,246,429,412,True
163,236,875,523,111,421,122,142,15,350,True
429,412,86,60,34,21,875,58,245,126,True
122,22,99,163,39,142,517,104,235,875,True
40,104,39,21,517,54,7,64,145,875,True
350,81,240,80,76,91,64,517,429,412,True
875,235,56,24,145,64,58,412,82,429,True
110,223,245,875,157,24,44,48,142,202,True
2,412,523,23,105,78,350,429,517,56,True
875,429,104,245,53,69,64,58,523,89,True
3,25,110,517,2,157,420,163,429,412,True
104,142,266,223,235,523,39,12,76,57,True
421,412,4,68,18,223,203,142,81,164,True
114,111,64,134,110,240,25,523,245,236,True
67,26,523,64,7,89,164,21,134,875,True
2,875,523,517,432,60,56,62,43,81,True
7,9,516,104,523,21,350,131,64,85,True
58,7,119,76,89,101,145,111,150,104,True
117,2,68,25,96,106,145,516,104,142,True
64,497,498,517,39,350,81,26,60,236,True
412,110,117,48,38,2,236,517,429,518,True
51,246,26,164,78,104,114,81,517,44,True
39,107,235,106,127,81,517,12,421,875,True
517,432,115,57,203,523,555,245,420,60,True
875,79,57,246,21,82,44,429,421,68,True
41,12,76,84,21,412,429,24,30,555,True
69,4,421,350,67,21,518,7,555,2,True
111,39,81,421,127,80,15,26,64,350,True
89,236,517,64,24,56,145,113,111,84,True
236,245,266,22,412,432,58,113,114,21,True
7,236,60,89,86,84,3,64,81,43,True
432,420,21,80,102,81,555,246,8,60,True
69,421,145,117,236,523,412,105,266,59,True
111,145,79,80,875,12,81,7,8,64,True
41,246,222,412,103,516,8,21,60,53,True
53,113,126,523,122,412,21,875,44,11,True
59,555,516,16,23,30,48,126,157,75,True
517,59,412,22,56,21,24,268,245,432,True
236,142,59,432,122,421,51,44,7,875,True
69,53,64,24,236,39,30,412,126,498,True
516,235,60,107,81,2,110,68,24,245,True
81,8,126,235,246,78,21,43,7,64,True
350,80,81,517,163,245,235,523,266,875,True
89,21,236,60,7,421,25,51,68,266,True
111,58,30,236,110,64,202,68,516,266,True
555,60,875,145,126,64,31,82,81,350,True
432,142,203,67,74,875,268,60,202,25,True
127,64,429,39,350,81,111,236,516,154,True
60,38,429,78,111,43,2,81,266,112,True
429,134,236,76,35,84,421,432,22,163,True
875,58,35,245,81,111,429,117,5,8,True
79,114,81,91,35,412,119,82,127,104,True
235,31,56,113,24,43,80,81,58,245,True
142,51,412,64,164,85,202,235,145,421,True
21,39,555,76,432,875,142,64,223,235,True
6,104,82,163,3,114,412,421,91,67,True
78,245,21,266,201,111,875,523,89,421,True
43,412,64,110,875,30,91,429,111,86,True
266,432,115,142,104,421,517,555,98,126,True
517,555,245,21,111,412,145,68,18,427,True
164,68,223,235,104,76,517,266,145,412,True
58,81,57,55,421,432,105,39,203,163,True
136,81,421,555,875,236,245,39,110,412,True
79,236,429,126,412,266,69,64,119,53,True
86,126,113,21,201,60,114,236,119,89,True
79,114,145,111,236,81,245,69,350,246,True
80,164,145,875,113,245,81,59,58,43,True
81,58,412,245,421,59,875,517,523,223,True
38,126,875,69,79,33,7,523,53,58,True
58,134,25,104,126,555,53,80,245,81,True
875,235,517,13,64,44,236,427,39,85,True
223,60,106,58,235,429,44,517,82,421,True
145,12,35,236,62,142,110,24,104,57,True
21,267,421,517,875,76,523,412,4,266,True
875,80,523,76,142,44,203,145,58,68,True
105,114,53,13,55,63,201,101,141,161,True
44,203,517,39,113,518,432,236,64,114,True
16,54,17,8,154,15,12,23,30,21,True
8,126,875,81,432,58,517,51,25,64,True
142,24,30,145,875,517,53,21,39,57,True
82,15,136,17,523,517,69,32,22,12,True
523,113,518,24,412,145,111,85,517,421,True
105,30,432,81,875,21,421,89,114,142,True
111,80,875,60,145,91,164,12,113,236,True
80,110,60,164,111,875,81,142,223,76,True
145,350,133,245,59,58,555,105,236,60,True
110,86,111,24,245,55,21,875,64,44,True
203,875,56,8,202,82,2,412,429,117,True
82,81,40,64,142,119,432,43,2,517,True
25,27,119,80,76,82,523,61,2,412,True
245,58,110,82,53,517,81,86,350,516,True
64,7,111,21,59,201,91,110,82,245,True
89,76,875,127,236,517,64,3,555,145,True
429,60,7,875,44,55,523,43,76,72,True
62,81,432,64,517,523,412,142,203,875,True
523,82,245,235,64,498,136,104,80,43,True
67,41,12,245,64,10,3,81,235,78,True
517,62,555,119,64,80,82,78,523,432,True
21,245,412,517,246,119,76,236,89,54,True
68,30,246,81,555,82,80,141,110,43,True
203,517,57,145,111,2,15,82,80,432,True
38,421,555,202,82,875,145,429,64,57,True
30,222,9,24,238,21,57,245,103,412,True
91,117,203,875,69,2,235,82,110,142,True
81,68,421,9,240,39,69,106,412,236,True
110,2,114,25,27,202,43,7,64,82,True
40,516,517,44,21,111,60,80,82,110,True
44,78,134,38,81,58,8,517,523,53,True
86,245,81,517,43,104,68,82,246,22,True
145,111,82,429,80,110,517,875,201,104,True
84,110,38,64,432,517,25,117,266,145,True
7,145,421,24,50,64,81,412,57,127,True
64,429,412,82,161,875,235,245,266,238,True
163,498,80,82,497,23,412,421,58,523,True
82,7,111,21,120,81,114,53,245,91,True
82,412,120,96,81,64,69,68,523,111,True
82,105,555,236,120,60,69,122,412,21,True
8,64,54,81,111,82,84,2,350,523,True
82,53,110,64,80,235,36,240,517,875,True
48,875,21,82,117,79,523,7,412,122,True
142,106,81,41,64,10,21,875,164,60,True
59,131,82,21,53,235,429,122,517,427,True
523,82,53,64,80,39,60,875,412,21,True
22,76,80,53,246,235,523,427,39,82,True
39,69,412,421,82,497,429,266,64,134,True
555,145,4,76,24,201,81,60,131,516,True
517,21,875,245,24,64,201,523,10,164,True
33,517,111,523,86,82,81,164,2,26,True
235,24,142,21,104,7,523,64,412,517,True
44,14,246,15,517,245,39,91,26,81,True
236,9,102,126,516,24,246,517,110,57,True
245,24,110,154,53,58,81,2,117,235,True
24,22,111,245,104,518,21,114,5,142,True
81,80,266,104,8,164,202,30,40,517,True
412,266,222,38,875,68,18,22,421,114,True
145,89,55,58,421,80,60,21,44,516,True
79,157,78,523,117,35,412,21,24,246,True
57,111,875,145,69,76,235,24,21,80,True
56,523,85,517,89,37,39,81,104,84,True
523,79,875,56,9,86,110,517,43,64,True
412,31,236,60,58,432,266,59,105,81,True
12,421,518,61,39,111,2,163,58,18,True
111,60,58,518,122,107,59,68,245,21,True
2,55,26,555,81,145,48,875,517,432,True
58,81,246,60,53,429,235,79,82,2,True
89,517,39,81,60,64,68,518,44,58,True
81,86,421,89,7,21,517,59,107,412,True
111,145,7,126,59,86,236,64,429,12,True
498,246,25,30,266,82,64,516,81,43,True
81,98,57,163,84,236,350,24,245,60,True
236,51,25,76,122,875,68,163,81,111,True
7,39,412,429,64,114,60,498,497,86,True
202,58,111,76,246,59,106,429,40,112,True
76,115,25,157,24,22,79,8,106,266,True
120,22,516,59,235,24,203,517,350,21,True
120,30,81,350,240,56,516,76,79,157,True
44,875,157,145,79,16,81,53,555,245,True
86,64,40,81,245,421,145,103,53,16,True
134,64,57,350,81,53,157,21,875,113,True
2,81,432,516,245,145,201,61,203,78,True
517,80,516,21,432,236,235,223,60,58,True
64,85,75,43,29,518,350,222,875,127,True
40,145,115,90,14,12,127,30,246,17,True
64,266,21,245,555,107,421,12,202,68,True
498,64,126,245,497,154,37,8,412,236,True
555,21,142,266,64,68,76,875,81,236,True
875,43,236,350,2,223,235,266,13,64,True
21,432,134,517,80,13,523,7,350,121,True
110,517,111,516,164,7,432,266,145,59,True
64,134,201,24,21,266,111,236,39,30,True
432,245,523,39,236,498,59,13,80,40,True
432,79,126,238,21,164,40,76,875,523,True
126,53,32,82,21,245,412,523,2,236,True
82,60,236,523,201,21,105,412,24,154,True
350,35,91,516,81,8,76,497,21,164,True
56,115,30,111,2,235,142,89,23,64,True
131,157,21,113,432,107,60,246,111,518,True
57,42,64,35,555,15,61,517,4,37,True
23,202,30,111,91,79,245,21,59,58,True
412,81,245,8,64,16,497,131,113,202,True
875,421,145,112,412,79,202,497,67,517,True
235,157,21,131,875,150,16,154,18,516,True
131,122,21,44,150,154,516,22,875,111,True
245,126,53,420,134,60,43,246,81,39,True
201,245,126,10,81,55,875,64,21,235,True
113,555,81,266,268,154,98,142,145,64,True
350,145,516,240,76,126,115,44,238,157,True
68,235,121,157,39,111,202,59,142,13,True
497,39,145,120,60,69,245,875,40,81,True
39,81,30,516,43,236,76,157,235,8,True
126,236,412,32,82,517,21,60,875,111,True
157,79,26,516,145,517,80,81,201,266,True
145,9,245,875,246,523,13,18,2,432,True
21,421,236,38,201,60,111,29,517,58,True
114,81,412,245,517,104,518,105,39,21,True
81,91,497,126,517,86,245,111,54,21,True
4,69,68,875,64,163,412,8,238,59,True
80,79,107,21,432,98,102,91,22,68,True
21,246,20,164,235,84,142,498,64,497,True
64,266,81,518,89,114,68,104,67,432,True
350,81,58,131,60,64,15,266,412,7,True
245,59,69,58,12,875,145,266,44,142,True
236,245,429,412,875,84,64,40,15,58,True
523,30,246,58,89,875,2,142,235,111,True
432,236,875,64,7,498,555,25,62,245,True
245,523,412,517,164,131,69,41,5,89,True
142,164,106,110,68,58,64,117,350,81,True
105,64,875,53,236,223,517,110,245,126,True
62,412,246,517,134,8,235,110,79,80,True
23,432,7,421,110,134,246,86,517,111,True
81,412,58,64,142,432,246,236,875,79,True
126,136,157,53,64,555,115,163,246,164,True
110,142,421,412,114,432,38,81,420,64,True
56,432,64,21,517,40,266,429,5,7,True
517,2,106,412,429,163,246,223,115,58,True
523,350,875,115,33,163,246,122,429,412,True
58,203,235,111,245,555,64,517,266,115,True
517,421,145,122,350,64,7,53,266,21,True
145,517,113,875,412,238,89,21,60,266,True
21,64,875,17,157,62,111,429,875,76,True
350,2,122,51,202,34,64,48,63,10,True
103,35,98,412,429,517,875,117,67,266,True
43,23,429,79,523,142,203,24,44,110,True
64,68,23,555,875,82,83,63,31,80,True
8,157,145,53,64,98,33,25,81,39,True
76,91,81,432,80,24,7,40,64,21,True
875,236,245,21,201,24,89,145,517,421,True
555,64,57,7,69,58,2,80,81,350,True
98,81,421,3,350,236,245,555,41,22,True
60,43,21,555,24,81,245,79,122,25,True
7,875,266,235,110,117,517,44,429,516,True
412,21,91,516,64,113,81,875,517,98,True
875,7,421,89,81,136,141,40,523,266,True
203,497,110,38,24,7,64,875,21,44,True
86,432,81,421,518,24,235,106,113,142,True
21,76,111,24,518,59,142,78,89,523,True
10,63,498,236,105,75,122,44,30,57,True
25,235,8,24,254,238,23,518,21,76,True
145,127,432,110,235,266,81,105,67,103,True
80,85,498,56,112,523,154,89,39,267,True
111,44,145,266,8,412,68,64,236,161,True
64,523,12,24,518,41,517,53,134,236,True
5,350,7,523,122,110,64,142,24,106,True
517,523,421,41,267,91,235,24,245,16,True
64,875,134,24,7,76,126,111,498,266,True
517,245,240,201,523,89,24,81,246,163,True
110,12,133,427,1,2,3,235,24,105,True
427,875,58,51,25,245,53,142,523,24,True
43,235,39,60,91,24,432,202,64,517,True
133,498,412,245,79,24,523,8,111,64,True
412,86,24,79,21,111,85,69,81,121,True
24,53,19,91,110,412,43,235,142,875,True
142,35,266,81,350,523,24,134,104,432,True
55,245,267,145,122,86,67,201,25,68,True
59,105,24,235,67,31,78,236,111,13,True
106,142,2,266,235,45,203,3,555,246,True
24,145,64,142,111,2,81,107,350,245,True
222,163,412,421,27,105,79,555,24,523,True
59,111,235,24,68,80,117,145,56,245,True
53,429,163,246,84,517,21,24,64,555,True
201,164,245,145,875,21,24,64,518,111,True
68,21,517,64,2,98,145,412,48,131,True
35,57,9,21,58,110,43,64,38,122,True
85,875,64,81,134,12,145,76,236,24,True
238,78,24,53,523,875,517,145,76,57,True
24,60,157,110,79,412,429,59,7,122,True
875,427,246,523,235,142,82,21,64,223,True
523,39,104,89,875,12,58,56,60,236,True
58,15,76,432,555,39,875,80,145,60,True
3,110,64,53,266,2,126,112,91,875,True
111,62,126,76,145,64,3,26,875,429,True
875,110,497,68,76,58,60,80,555,157,True
39,523,875,85,517,429,497,60,80,110,True
58,80,163,22,68,875,44,7,64,429,True
122,134,110,44,20,60,85,39,236,111,True
235,245,44,145,24,236,102,429,555,85,True
12,429,30,142,236,555,57,79,202,235,True
12,142,21,57,875,555,26,236,154,429,True
134,240,64,43,110,2,154,62,235,84,True
235,421,517,875,21,39,555,427,126,110,True
20,145,236,91,555,266,7,64,81,235,True
142,8,555,875,81,41,78,84,523,111,True
78,523,427,91,82,111,104,429,58,105,True
